Id,Prediction
3001,1
3002,4
3003,3
3004,5
3005,5
3006,5
3007,2
3008,4
3009,3
3010,2
3011,2
3012,5
3013,4
3014,5
3015,1
3016,5
3017,0
3018,2
3019,5
3020,2
3021,3
3022,1
3023,2
3024,0
3025,0
3026,3
3027,1
3028,4
3029,3
3030,5
3031,4
3032,2
3033,4
3034,4
3035,4
3036,5
3037,4
3038,0
3039,3
3040,4
3041,1
3042,5
3043,1
3044,4
3045,0
3046,1
3047,5
3048,3
3049,4
3050,1
3051,4
3052,3
3053,1
3054,4
3055,3
3056,1
3057,4
3058,4
3059,0
3060,4
3061,1
3062,4
3063,5
3064,2
3065,5
3066,5
3067,0
3068,0
3069,2
3070,0
3071,5
3072,1
3073,5
3074,3
3075,1
3076,1
3077,4
3078,0
3079,5
3080,4
3081,5
3082,4
3083,4
3084,4
3085,2
3086,2
3087,2
3088,5
3089,3
3090,2
3091,3
3092,2
3093,1
3094,4
3095,3
3096,5
3097,2
3098,4
3099,2
3100,3
3101,5
3102,5
3103,3
3104,0
3105,3
3106,4
3107,5
3108,1
3109,0
3110,3
3111,0
3112,4
3113,3
3114,2
3115,5
3116,2
3117,4
3118,5
3119,4
3120,1
3121,3
3122,3
3123,0
3124,1
3125,5
3126,3
3127,0
3128,5
3129,2
3130,5
3131,2
3132,4
3133,3
3134,5
3135,3
3136,4
3137,4
3138,3
3139,4
3140,4
3141,1
3142,5
3143,3
3144,1
3145,2
3146,0
3147,3
3148,2
3149,2
3150,1
3151,3
3152,2
3153,4
3154,5
3155,5
3156,3
3157,2
3158,5
3159,3
3160,3
3161,1
3162,4
3163,0
3164,3
3165,2
3166,2
3167,3
3168,4
3169,2
3170,1
3171,2
3172,2
3173,4
3174,1
3175,4
3176,2
3177,4
3178,4
3179,1
3180,0
3181,5
3182,5
3183,4
3184,5
3185,4
3186,2
3187,5
3188,4
3189,1
3190,2
3191,1
3192,1
3193,5
3194,3
3195,4
3196,5
3197,3
3198,2
3199,4
3200,4
3201,2
3202,5
3203,2
3204,3
3205,3
3206,2
3207,3
3208,1
3209,4
3210,1
3211,3
3212,1
3213,3
3214,5
3215,3
3216,1
3217,4
3218,0
3219,5
3220,1
3221,2
3222,2
3223,3
3224,1
3225,5
3226,2
3227,1
3228,0
3229,2
3230,5
3231,5
3232,2
3233,0
3234,2
3235,1
3236,2
3237,5
3238,3
3239,5
3240,3
3241,2
3242,3
3243,0
3244,4
3245,1
3246,3
3247,4
3248,3
3249,3
3250,3
3251,1
3252,2
3253,3
3254,4
3255,4
3256,5
3257,5
3258,2
3259,1
3260,4
3261,3
3262,2
3263,2
3264,3
3265,4
3266,3
3267,0
3268,0
3269,2
3270,5
3271,5
3272,5
3273,2
3274,5
3275,4
3276,3
3277,2
3278,3
3279,4
3280,4
3281,1
3282,3
3283,3
3284,4
3285,4
3286,2
3287,0
3288,4
3289,1
3290,4
3291,2
3292,4
3293,3
3294,0
3295,4
3296,1
3297,4
3298,5
3299,5
3300,4
3301,4
3302,5
3303,4
3304,1
3305,0
3306,4
3307,1
3308,1
3309,4
3310,2
3311,3
3312,2
3313,2
3314,1
3315,4
3316,3
3317,5
3318,5
3319,0
3320,2
3321,0
3322,4
3323,5
3324,0
3325,4
3326,3
3327,3
3328,5
3329,5
3330,4
3331,4
3332,5
3333,2
3334,5
3335,3
3336,3
3337,5
3338,0
3339,5
3340,3
3341,3
3342,4
3343,4
3344,1
3345,2
3346,0
3347,2
3348,4
3349,2
3350,0
3351,3
3352,2
3353,4
3354,2
3355,2
3356,3
3357,5
3358,4
3359,2
3360,5
3361,0
3362,4
3363,3
3364,3
3365,0
3366,5
3367,4
3368,0
3369,4
3370,5
3371,1
3372,3
3373,2
3374,4
3375,4
3376,0
3377,4
3378,4
3379,5
3380,3
3381,2
3382,2
3383,4
3384,1
3385,3
3386,3
3387,1
3388,1
3389,2
3390,3
3391,5
3392,2
3393,2
3394,3
3395,4
3396,5
3397,2
3398,4
3399,3
3400,5
3401,2
3402,3
3403,4
3404,1
3405,4
3406,3
3407,1
3408,4
3409,0
3410,5
3411,3
3412,0
3413,1
3414,4
3415,4
3416,5
3417,2
3418,5
3419,1
3420,4
3421,0
3422,1
3423,2
3424,1
3425,3
3426,1
3427,5
3428,4
3429,0
3430,4
3431,5
3432,1
3433,4
3434,3
3435,4
3436,0
3437,4
3438,4
3439,4
3440,0
3441,4
3442,2
3443,3
3444,5
3445,0
3446,3
3447,5
3448,1
3449,5
3450,5
3451,3
3452,0
3453,1
3454,5
3455,1
3456,4
3457,1
3458,1
3459,0
3460,4
3461,3
3462,4
3463,3
3464,5
3465,3
3466,0
3467,2
3468,4
3469,4
3470,3
3471,3
3472,3
3473,0
3474,5
3475,2
3476,4
3477,1
3478,5
3479,2
3480,1
3481,5
3482,0
3483,5
3484,1
3485,4
3486,4
3487,1
3488,3
3489,5
3490,0
3491,4
3492,4
3493,4
3494,3
3495,3
3496,3
3497,0
3498,1
3499,2
3500,0
3501,3
3502,0
3503,3
3504,1
3505,3
3506,0
3507,1
3508,5
3509,3
3510,1
3511,2
3512,4
3513,1
3514,4
3515,1
3516,3
3517,5
3518,5
3519,4
3520,4
3521,1
3522,4
3523,3
3524,5
3525,4
3526,3
3527,1
3528,5
3529,0
3530,2
3531,2
3532,5
3533,5
3534,4
3535,5
3536,3
3537,4
3538,3
3539,5
3540,2
3541,2
3542,5
3543,3
3544,1
3545,4
3546,3
3547,0
3548,3
3549,1
3550,3
3551,1
3552,3
3553,4
3554,2
3555,3
3556,4
3557,0
3558,5
3559,2
3560,0
3561,3
3562,3
3563,3
3564,0
3565,5
3566,2
3567,4
3568,1
3569,5
3570,4
3571,5
3572,5
3573,3
3574,1
3575,3
3576,5
3577,3
3578,1
3579,5
3580,3
3581,3
3582,4
3583,3
3584,5
3585,4
3586,1
3587,1
3588,4
3589,4
3590,5
3591,2
3592,4
3593,3
3594,3
3595,5
3596,1
3597,0
3598,2
3599,4
3600,5
3601,1
3602,5
3603,3
3604,2
3605,1
3606,4
3607,1
3608,4
3609,4
3610,3
3611,3
3612,2
3613,3
3614,3
3615,1
3616,1
3617,4
3618,2
3619,0
3620,1
3621,5
3622,2
3623,1
3624,5
3625,5
3626,2
3627,5
3628,1
3629,4
3630,4
3631,4
3632,5
3633,2
3634,5
3635,3
3636,3
3637,4
3638,0
3639,5
3640,0
3641,3
3642,4
3643,1
3644,1
3645,3
3646,3
3647,3
3648,4
3649,4
3650,0
3651,3
3652,4
3653,2
3654,4
3655,1
3656,5
3657,4
3658,1
3659,4
3660,5
3661,1
3662,1
3663,1
3664,5
3665,2
3666,5
3667,4
3668,1
3669,0
3670,2
3671,0
3672,3
3673,2
3674,4
3675,4
3676,5
3677,4
3678,1
3679,5
3680,0
3681,4
3682,3
3683,2
3684,3
3685,4
3686,2
3687,2
3688,4
3689,5
3690,2
3691,4
3692,5
3693,4
3694,2
3695,2
3696,4
3697,3
3698,2
3699,4
3700,2
3701,4
3702,3
3703,3
3704,3
3705,2
3706,4
3707,5
3708,1
3709,4
3710,4
3711,3
3712,3
3713,3
3714,1
3715,3
3716,4
3717,1
3718,1
3719,5
3720,0
3721,4
3722,1
3723,4
3724,3
3725,1
3726,1
3727,1
3728,4
3729,1
3730,0
3731,2
3732,4
3733,1
3734,4
3735,4
3736,4
3737,5
3738,2
3739,1
3740,0
3741,0
3742,1
3743,3
3744,0
3745,4
3746,4
3747,4
3748,0
3749,2
3750,0
3751,4
3752,3
3753,4
3754,3
3755,3
3756,3
3757,4
3758,4
3759,3
3760,5
3761,5
3762,2
3763,4
3764,2
3765,4
3766,1
3767,4
3768,4
3769,0
3770,2
3771,2
3772,5
3773,3
3774,3
3775,2
3776,4
3777,1
3778,4
3779,2
3780,2
3781,4
3782,0
3783,1
3784,5
3785,3
3786,1
3787,5
3788,3
3789,0
3790,5
3791,1
3792,1
3793,3
3794,4
3795,5
3796,3
3797,5
3798,1
3799,1
3800,3
3801,2
3802,2
3803,0
3804,3
3805,0
3806,5
3807,2
3808,4
3809,5
3810,5
3811,4
3812,0
3813,5
3814,3
3815,2
3816,4
3817,5
3818,1
3819,3
3820,2
3821,4
3822,4
3823,5
3824,4
3825,0
3826,3
3827,1
3828,3
3829,4
3830,2
3831,3
3832,0
3833,5
3834,2
3835,5
3836,4
3837,0
3838,1
3839,4
3840,3
3841,3
3842,4
3843,3
3844,0
3845,1
3846,2
3847,3
3848,0
3849,4
3850,1
3851,5
3852,3
3853,2
3854,4
3855,0
3856,3
3857,3
3858,2
3859,3
3860,2
3861,4
3862,2
3863,3
3864,2
3865,1
3866,1
3867,5
3868,3
3869,3
3870,3
3871,4
3872,4
3873,1
3874,3
3875,4
3876,5
3877,5
3878,0
3879,3
3880,5
3881,1
3882,3
3883,4
3884,5
3885,5
3886,5
3887,0
3888,5
3889,1
3890,4
3891,2
3892,2
3893,1
3894,3
3895,2
3896,4
3897,5
3898,5
3899,1
3900,1
3901,0
3902,1
3903,2
3904,5
3905,4
3906,5
3907,4
3908,4
3909,2
3910,4
3911,5
3912,3
3913,0
3914,4
3915,5
3916,3
3917,4
3918,3
3919,2
3920,1
3921,5
3922,4
3923,5
3924,0
3925,4
3926,4
3927,4
3928,4
3929,3
3930,2
3931,3
3932,5
3933,4
3934,4
3935,2
3936,2
3937,4
3938,3
3939,4
3940,4
3941,3
3942,1
3943,3
3944,4
3945,4
3946,1
3947,1
3948,4
3949,1
3950,3
3951,3
3952,3
3953,4
3954,1
3955,3
3956,2
3957,4
3958,5
3959,2
3960,5
3961,4
3962,3
3963,4
3964,2
3965,3
3966,0
3967,2
3968,3
3969,1
3970,4
3971,1
3972,2
3973,5
3974,4
3975,4
3976,4
3977,3
3978,4
3979,4
3980,4
3981,4
3982,3
3983,3
3984,2
3985,0
3986,3
3987,1
3988,5
3989,3
3990,3
3991,1
3992,1
3993,3
3994,2
3995,0
3996,3
3997,4
3998,2
3999,4
4000,2
4001,5
4002,3
4003,0
4004,4
4005,1
4006,1
4007,0
4008,3
4009,3
4010,3
4011,1
4012,5
4013,2
4014,3
4015,3
4016,0
4017,1
4018,1
4019,3
4020,0
4021,2
4022,1
4023,1
4024,0
4025,5
4026,4
4027,4
4028,5
4029,4
4030,5
4031,2
4032,2
4033,2
4034,3
4035,5
4036,3
4037,1
4038,1
4039,2
4040,2
4041,1
4042,4
4043,1
4044,0
4045,5
4046,4
4047,3
4048,5
4049,4
4050,4
4051,2
4052,4
4053,5
4054,4
4055,0
4056,5
4057,2
4058,3
4059,4
4060,5
4061,5
4062,1
4063,4
4064,4
4065,2
4066,0
4067,3
4068,4
4069,3
4070,3
4071,5
4072,2
4073,4
4074,1
4075,3
4076,3
4077,3
4078,0
4079,5
4080,4
4081,1
4082,3
4083,1
4084,1
4085,4
4086,1
4087,1
4088,1
4089,4
4090,1
4091,5
4092,1
4093,3
4094,4
4095,2
4096,1
4097,1
4098,4
4099,3
4100,0
4101,1
4102,5
4103,2
4104,4
4105,1
4106,1
4107,3
4108,5
4109,4
4110,5
4111,3
4112,1
4113,5
4114,4
4115,2
4116,3
4117,4
4118,1
4119,5
4120,4
4121,0
4122,0
4123,5
4124,2
4125,2
4126,0
4127,1
4128,5
4129,0
4130,3
4131,0
4132,0
4133,1
4134,0
4135,3
4136,2
4137,0
4138,4
4139,2
4140,5
4141,5
4142,4
4143,5
4144,1
4145,1
4146,2
4147,4
4148,2
4149,4
4150,1
4151,2
4152,5
4153,5
4154,4
4155,3
4156,5
4157,1
4158,4
4159,5
4160,1
4161,1
4162,2
4163,0
4164,4
4165,3
4166,4
4167,1
4168,3
4169,2
4170,4
4171,5
4172,1
4173,1
4174,1
4175,2
4176,3
4177,3
4178,3
4179,4
4180,1
4181,5
4182,3
4183,4
4184,5
4185,1
4186,1
4187,1
4188,4
4189,1
4190,3
4191,2
4192,5
4193,0
4194,1
4195,5
4196,3
4197,4
4198,1
4199,0
4200,2
4201,0
4202,3
4203,3
4204,0
4205,5
4206,3
4207,4
4208,4
4209,2
4210,5
4211,2
4212,2
4213,4
4214,3
4215,4
4216,4
4217,3
4218,5
4219,1
4220,5
4221,1
4222,5
4223,1
4224,3
4225,4
4226,3
4227,1
4228,3
4229,4
4230,4
4231,2
4232,4
4233,4
4234,1
4235,4
4236,5
4237,4
4238,1
4239,4
4240,5
4241,4
4242,3
4243,0
4244,3
4245,3
4246,5
4247,3
4248,2
4249,4
4250,5
4251,5
4252,5
4253,3
4254,3
4255,2
4256,5
4257,3
4258,3
4259,3
4260,5
4261,4
4262,5
4263,5
4264,3
4265,2
4266,1
4267,4
4268,5
4269,3
4270,2
4271,4
4272,1
4273,2
4274,4
4275,2
4276,4
4277,5
4278,4
4279,2
4280,2
4281,4
4282,3
4283,5
4284,2
4285,5
4286,0
4287,1
4288,3
4289,4
4290,4
4291,3
4292,3
4293,3
4294,2
4295,4
4296,4
4297,4
4298,3
4299,4
4300,0
4301,3
4302,0
4303,0
4304,3
4305,0
4306,2
4307,2
4308,5
4309,1
4310,5
4311,3
4312,1
4313,2
4314,4
4315,2
4316,4
4317,3
4318,3
4319,5
4320,3
4321,4
4322,1
4323,3
4324,2
4325,5
4326,5
4327,5
4328,1
4329,0
4330,5
4331,2
4332,1
4333,3
4334,4
4335,3
4336,4
4337,5
4338,1
4339,4
4340,3
4341,4
4342,4
4343,1
4344,3
4345,4
4346,5
4347,2
4348,0
4349,5
4350,4
4351,3
4352,0
4353,3
4354,4
4355,2
4356,3
4357,3
4358,0
4359,5
4360,0
4361,4
4362,5
4363,1
4364,2
4365,0
4366,2
4367,4
4368,4
4369,5
4370,0
4371,1
4372,1
4373,3
4374,2
4375,4
4376,4
4377,2
4378,4
4379,4
4380,4
4381,5
4382,3
4383,1
4384,1
4385,5
4386,1
4387,5
4388,4
4389,1
4390,3
4391,1
4392,0
4393,4
4394,4
4395,1
4396,3
4397,2
4398,2
4399,4
4400,1
4401,3
4402,4
4403,2
4404,5
4405,3
4406,4
4407,2
4408,1
4409,5
4410,2
4411,5
4412,2
4413,2
4414,5
4415,4
4416,3
4417,4
4418,4
4419,5
4420,3
4421,0
4422,5
4423,0
4424,1
4425,4
4426,1
4427,4
4428,1
4429,3
4430,3
4431,5
4432,3
4433,4
4434,4
4435,2
4436,3
4437,4
4438,1
4439,2
4440,4
4441,4
4442,3
4443,2
4444,5
4445,0
4446,1
4447,3
4448,5
4449,4
4450,5
4451,5
4452,2
4453,2
4454,1
4455,2
4456,5
4457,1
4458,1
4459,4
4460,1
4461,4
4462,4
4463,2
4464,1
4465,1
4466,2
4467,3
4468,1
4469,5
4470,3
4471,2
4472,2
4473,1
4474,5
4475,4
4476,4
4477,3
4478,3
4479,0
4480,0
4481,3
4482,5
4483,1
4484,1
4485,4
4486,2
4487,5
4488,4
4489,4
4490,2
4491,1
4492,3
4493,5
4494,1
4495,5
4496,4
4497,3
4498,2
4499,1
4500,3
4501,3
4502,3
4503,1
4504,4
4505,3
4506,4
4507,2
4508,5
4509,1
4510,1
4511,3
4512,1
4513,4
4514,0
4515,0
4516,0
4517,5
4518,4
4519,3
4520,1
4521,4
4522,5
4523,5
4524,4
4525,3
4526,4
4527,4
4528,4
4529,4
4530,2
4531,2
4532,1
4533,5
4534,3
4535,4
4536,2
4537,3
4538,1
4539,2
4540,3
4541,3
4542,0
4543,0
4544,5
4545,3
4546,3
4547,2
4548,0
4549,3
4550,5
4551,3
4552,0
4553,4
4554,3
4555,4
4556,2
4557,3
4558,3
4559,5
4560,0
4561,5
4562,1
4563,4
4564,5
4565,5
4566,4
4567,1
4568,0
4569,1
4570,3
4571,0
4572,5
4573,1
4574,2
4575,4
4576,4
4577,4
4578,5
4579,4
4580,5
4581,0
4582,2
4583,5
4584,4
4585,2
4586,4
4587,2
4588,1
4589,2
4590,5
4591,3
4592,5
4593,5
4594,4
4595,3
4596,2
4597,4
4598,4
4599,4
4600,2
4601,2
4602,2
4603,2
4604,1
4605,5
4606,4
4607,0
4608,1
4609,4
4610,4
4611,4
4612,1
4613,3
4614,5
4615,3
4616,5
4617,2
4618,2
4619,3
4620,4
4621,3
4622,1
4623,3
4624,5
4625,1
4626,4
4627,2
4628,4
4629,4
4630,1
4631,2
4632,3
4633,4
4634,3
4635,5
4636,3
4637,4
4638,4
4639,4
4640,5
4641,4
4642,3
4643,5
4644,0
4645,5
4646,1
4647,4
4648,3
4649,5
4650,2
4651,4
4652,5
4653,1
4654,3
4655,2
4656,2
4657,4
4658,1
4659,2
4660,4
4661,3
4662,5
4663,3
4664,5
4665,3
4666,5
4667,0
4668,0
4669,1
4670,2
4671,1
4672,3
4673,1
4674,5
4675,4
4676,3
4677,5
4678,3
4679,2
4680,5
4681,5
4682,0
4683,3
4684,2
4685,4
4686,5
4687,0
4688,0
4689,5
4690,1
4691,4
4692,0
4693,1
4694,3
4695,0
4696,3
4697,4
4698,0
4699,3
4700,5
4701,1
4702,5
4703,3
4704,4
4705,1
4706,4
4707,2
4708,2
4709,5
4710,5
4711,4
4712,3
4713,3
4714,5
4715,2
4716,5
4717,2
4718,4
4719,2
4720,2
4721,2
4722,3
4723,3
4724,5
4725,0
4726,2
4727,3
4728,4
4729,4
4730,5
4731,3
4732,1
4733,1
4734,4
4735,1
4736,1
4737,4
4738,0
4739,4
4740,4
4741,5
4742,1
4743,4
4744,0
4745,3
4746,5
4747,1
4748,1
4749,1
4750,4
4751,4
4752,0
4753,3
4754,5
4755,1
4756,2
4757,4
4758,5
4759,4
4760,0
4761,3
4762,4
4763,3
4764,5
4765,5
4766,5
4767,5
4768,4
4769,2
4770,2
4771,4
4772,2
4773,4
4774,0
4775,2
4776,4
4777,1
4778,2
4779,5
4780,1
4781,5
4782,3
4783,4
4784,5
4785,2
4786,4
4787,4
4788,5
4789,1
4790,4
4791,5
4792,5
4793,4
4794,4
4795,2
4796,2
4797,5
4798,0
4799,3
4800,4
4801,1
4802,3
4803,2
4804,3
4805,3
4806,2
4807,5
4808,3
4809,3
4810,2
4811,1
4812,4
4813,0
4814,4
4815,2
4816,4
4817,5
4818,3
4819,1
4820,3
4821,4
4822,4
4823,5
4824,4
4825,4
4826,0
4827,3
4828,3
4829,5
4830,1
4831,2
4832,4
4833,4
4834,4
4835,1
4836,3
4837,1
4838,4
4839,3
4840,2
4841,1
4842,4
4843,3
4844,1
4845,2
4846,0
4847,4
4848,3
4849,4
4850,4
4851,3
4852,1
4853,5
4854,4
4855,5
4856,1
4857,0
4858,4
4859,1
4860,5
4861,1
4862,4
4863,3
4864,5
4865,5
4866,5
4867,1
4868,2
4869,2
4870,0
4871,2
4872,4
4873,5
4874,3
4875,5
4876,0
4877,5
4878,5
4879,1
4880,1
4881,3
4882,5
4883,3
4884,4
4885,0
4886,1
4887,1
4888,1
4889,0
4890,3
4891,1
4892,3
4893,2
4894,3
4895,3
4896,0
4897,1
4898,1
4899,4
4900,0
4901,1
4902,5
4903,1
4904,3
4905,4
4906,5
4907,3
4908,5
4909,5
4910,4
4911,3
4912,3
4913,1
4914,2
4915,2
4916,0
4917,0
4918,4
4919,5
4920,2
4921,5
4922,3
4923,3
4924,1
4925,5
4926,5
4927,0
4928,2
4929,5
4930,5
4931,3
4932,3
4933,4
4934,5
4935,4
4936,1
4937,4
4938,5
4939,1
4940,0
4941,3
4942,4
4943,5
4944,0
4945,4
4946,1
4947,1
4948,5
4949,3
4950,2
4951,4
4952,1
4953,4
4954,5
4955,5
4956,3
4957,4
4958,3
4959,3
4960,4
4961,5
4962,4
4963,4
4964,3
4965,2
4966,5
4967,4
4968,3
4969,0
4970,1
4971,4
4972,3
4973,4
4974,5
4975,4
4976,3
4977,3
4978,1
4979,0
4980,0
4981,4
4982,1
4983,3
4984,2
4985,4
4986,5
4987,1
4988,3
4989,5
4990,0
4991,3
4992,2
4993,0
4994,0
4995,0
4996,1
4997,3
4998,4
4999,4
5000,5
5001,3
5002,3
5003,1
5004,0
5005,4
5006,3
5007,2
5008,2
5009,0
5010,5
5011,2
5012,5
5013,2
5014,4
5015,3
5016,0
5017,1
5018,3
5019,3
5020,5
5021,3
5022,2
5023,2
5024,4
5025,4
5026,4
5027,3
5028,4
5029,2
5030,3
5031,1
5032,2
5033,2
5034,4
5035,4
5036,2
5037,5
5038,4
5039,0
5040,0
5041,2
5042,5
5043,1
5044,1
5045,3
5046,4
5047,0
5048,4
5049,1
5050,4
5051,1
5052,3
5053,2
5054,5
5055,3
5056,2
5057,3
5058,3
5059,5
5060,0
5061,1
5062,0
5063,3
5064,3
5065,3
5066,0
5067,4
5068,1
5069,2
5070,0
5071,5
5072,5
5073,2
5074,3
5075,5
5076,5
5077,2
5078,2
5079,0
5080,1
5081,3
5082,5
5083,4
5084,4
5085,3
5086,2
5087,3
5088,3
5089,4
5090,0
5091,5
5092,0
5093,3
5094,1
5095,2
5096,2
5097,4
5098,3
5099,1
5100,3
5101,2
5102,4
5103,5
5104,3
5105,2
5106,3
5107,2
5108,4
5109,4
5110,3
5111,4
5112,4
5113,1
5114,2
5115,3
5116,0
5117,0
5118,2
5119,3
5120,1
5121,5
5122,3
5123,4
5124,1
5125,2
5126,0
5127,4
5128,3
5129,1
5130,2
5131,5
5132,0
5133,2
5134,1
5135,1
5136,3
5137,1
5138,3
5139,4
5140,2
5141,3
5142,4
5143,4
5144,1
5145,5
5146,4
5147,4
5148,3
5149,2
5150,5
5151,1
5152,4
5153,3
5154,2
5155,4
5156,0
5157,5
5158,4
5159,4
5160,2
5161,1
5162,5
5163,4
5164,3
5165,5
5166,5
5167,1
5168,0
5169,4
5170,3
5171,1
5172,2
5173,4
5174,5
5175,5
5176,5
5177,4
5178,4
5179,4
5180,1
5181,0
5182,4
5183,2
5184,5
5185,3
5186,5
5187,2
5188,3
5189,5
5190,1
5191,4
5192,3
5193,4
5194,5
5195,4
5196,2
5197,4
5198,4
5199,5
5200,4
5201,2
5202,1
5203,5
5204,0
5205,1
5206,3
5207,3
5208,5
5209,5
5210,2
5211,2
5212,3
5213,3
5214,2
5215,3
5216,2
5217,4
5218,1
5219,3
5220,1
5221,0
5222,1
5223,2
5224,3
5225,3
5226,5
5227,2
5228,1
5229,5
5230,0
5231,0
5232,3
5233,2
5234,5
5235,2
5236,4
5237,4
5238,2
5239,0
5240,2
5241,1
5242,1
5243,2
5244,2
5245,4
5246,4
5247,1
5248,5
5249,4
5250,2
5251,4
5252,1
5253,4
5254,3
5255,1
5256,4
5257,4
5258,3
5259,4
5260,4
5261,2
5262,2
5263,1
5264,5
5265,1
5266,4
5267,4
5268,3
5269,1
5270,4
5271,3
5272,1
5273,4
5274,5
5275,0
5276,1
5277,2
5278,3
5279,4
5280,4
5281,0
5282,5
5283,0
5284,2
5285,0
5286,4
5287,4
5288,1
5289,3
5290,5
5291,4
5292,2
5293,5
5294,0
5295,4
5296,4
5297,1
5298,5
5299,3
5300,4
5301,0
5302,5
5303,4
5304,3
5305,3
5306,4
5307,3
5308,0
5309,5
5310,4
5311,4
5312,5
5313,5
5314,1
5315,4
5316,4
5317,4
5318,0
5319,2
5320,5
5321,0
5322,4
5323,3
5324,5
5325,5
5326,1
5327,5
5328,5
5329,4
5330,4
5331,1
5332,3
5333,1
5334,3
5335,5
5336,0
5337,4
5338,3
5339,5
5340,5
5341,5
5342,4
5343,4
5344,3
5345,1
5346,2
5347,4
5348,4
5349,4
5350,4
5351,2
5352,1
5353,3
5354,4
5355,1
5356,3
5357,2
5358,4
5359,3
5360,2
5361,2
5362,1
5363,2
5364,1
5365,4
5366,1
5367,2
5368,3
5369,5
5370,3
5371,1
5372,3
5373,5
5374,2
5375,5
5376,0
5377,4
5378,0
5379,5
5380,3
5381,2
5382,5
5383,3
5384,3
5385,4
5386,4
5387,3
5388,3
5389,2
5390,3
5391,3
5392,2
5393,5
5394,0
5395,5
5396,0
5397,4
5398,2
5399,3
5400,4
5401,3
5402,4
5403,1
5404,0
5405,4
5406,3
5407,0
5408,4
5409,3
5410,3
5411,3
5412,4
5413,3
5414,2
5415,2
5416,5
5417,1
5418,3
5419,0
5420,5
5421,2
5422,5
5423,4
5424,4
5425,4
5426,4
5427,3
5428,4
5429,2
5430,4
5431,3
5432,4
5433,2
5434,1
5435,3
5436,2
5437,4
5438,3
5439,4
5440,4
5441,4
5442,5
5443,3
5444,1
5445,5
5446,1
5447,0
5448,2
5449,5
5450,0
5451,5
5452,1
5453,4
5454,4
5455,5
5456,1
5457,1
5458,3
5459,1
5460,5
5461,1
5462,5
5463,4
5464,2
5465,4
5466,5
5467,2
5468,2
5469,5
5470,4
5471,2
5472,5
5473,2
5474,1
5475,1
5476,3
5477,1
5478,5
5479,3
5480,3
5481,1
5482,2
5483,3
5484,3
5485,2
5486,1
5487,0
5488,4
5489,3
5490,5
5491,2
5492,5
5493,4
5494,4
5495,1
5496,3
5497,2
5498,3
5499,4
5500,4
5501,1
5502,5
5503,4
5504,4
5505,1
5506,3
5507,3
5508,1
5509,3
5510,3
5511,4
5512,3
5513,0
5514,1
5515,4
5516,4
5517,0
5518,4
5519,2
5520,1
5521,5
5522,4
5523,4
5524,5
5525,4
5526,1
5527,2
5528,4
5529,5
5530,2
5531,2
5532,3
5533,5
5534,1
5535,3
5536,1
5537,1
5538,3
5539,3
5540,2
5541,3
5542,3
5543,0
5544,2
5545,2
5546,3
5547,2
5548,2
5549,3
5550,1
5551,4
5552,2
5553,2
5554,4
5555,5
5556,0
5557,4
5558,1
5559,4
5560,5
5561,2
5562,3
5563,5
5564,5
5565,2
5566,4
5567,1
5568,3
5569,2
5570,2
5571,4
5572,0
5573,4
5574,0
5575,5
5576,4
5577,4
5578,5
5579,1
5580,4
5581,1
5582,0
5583,0
5584,3
5585,1
5586,0
5587,1
5588,1
5589,3
5590,2
5591,5
5592,4
5593,1
5594,2
5595,0
5596,1
5597,1
5598,4
5599,4
5600,3
5601,4
5602,1
5603,3
5604,5
5605,5
5606,5
5607,2
5608,5
5609,1
5610,2
5611,4
5612,3
5613,0
5614,1
5615,2
5616,2
5617,4
5618,1
5619,1
5620,1
5621,1
5622,5
5623,2
5624,2
5625,5
5626,5
5627,3
5628,5
5629,5
5630,4
5631,0
5632,4
5633,2
5634,2
5635,3
5636,5
5637,1
5638,3
5639,5
5640,4
5641,3
5642,4
5643,2
5644,1
5645,4
5646,1
5647,2
5648,0
5649,4
5650,0
5651,3
5652,2
5653,4
5654,4
5655,3
5656,1
5657,1
5658,1
5659,4
5660,4
5661,2
5662,1
5663,3
5664,0
5665,3
5666,4
5667,4
5668,2
5669,3
5670,4
5671,0
5672,2
5673,2
5674,0
5675,5
5676,5
5677,3
5678,0
5679,4
5680,4
5681,5
5682,3
5683,5
5684,3
5685,2
5686,2
5687,2
5688,4
5689,0
5690,3
5691,1
5692,2
5693,3
5694,5
5695,4
5696,2
5697,4
5698,5
5699,3
5700,4
5701,4
5702,5
5703,3
5704,3
5705,2
5706,2
5707,5
5708,4
5709,2
5710,3
5711,3
5712,0
5713,4
5714,0
5715,2
5716,4
5717,3
5718,3
5719,3
5720,5
5721,1
5722,0
5723,1
5724,3
5725,0
5726,1
5727,5
5728,5
5729,1
5730,4
5731,1
5732,3
5733,4
5734,1
5735,4
5736,4
5737,1
5738,1
5739,3
5740,2
5741,3
5742,4
5743,3
5744,3
5745,4
5746,0
5747,3
5748,3
5749,4
5750,5
5751,4
5752,4
5753,5
5754,4
5755,2
5756,1
5757,5
5758,3
5759,2
5760,4
5761,2
5762,0
5763,1
5764,4
5765,2
5766,4
5767,3
5768,0
5769,4
5770,4
5771,3
5772,3
5773,3
5774,3
5775,5
5776,3
5777,3
5778,1
5779,1
5780,2
5781,2
5782,4
5783,2
5784,1
5785,1
5786,2
5787,5
5788,3
5789,5
5790,0
5791,1
5792,1
5793,0
5794,3
5795,2
5796,1
5797,3
5798,3
5799,2
5800,4
5801,2
5802,2
5803,0
5804,3
5805,3
5806,3
5807,3
5808,4
5809,4
5810,4
5811,4
5812,4
5813,3
5814,0
5815,5
5816,3
5817,5
5818,0
5819,5
5820,1
5821,0
5822,2
5823,5
5824,3
5825,3
5826,1
5827,2
5828,4
5829,0
5830,3
5831,4
5832,4
5833,1
5834,1
5835,1
5836,2
5837,5
5838,3
5839,1
5840,5
5841,3
5842,0
5843,2
5844,5
5845,4
5846,3
5847,4
5848,3
5849,3
5850,1
5851,4
5852,5
5853,2
5854,1
5855,1
5856,1
5857,5
5858,3
5859,3
5860,0
5861,3
5862,4
5863,1
5864,5
5865,1
5866,1
5867,1
5868,1
5869,5
5870,2
5871,4
5872,5
5873,0
5874,3
5875,3
5876,5
5877,0
5878,3
5879,4
5880,2
5881,1
5882,0
5883,3
5884,2
5885,3
5886,2
5887,4
5888,2
5889,2
5890,3
5891,5
5892,3
5893,4
5894,4
5895,5
5896,4
5897,4
5898,1
5899,3
5900,4
5901,3
5902,5
5903,4
5904,1
5905,1
5906,3
5907,4
5908,1
5909,3
5910,0
5911,4
5912,3
5913,2
5914,5
5915,5
5916,3
5917,2
5918,1
5919,0
5920,1
5921,4
5922,5
5923,5
5924,4
5925,0
5926,3
5927,4
5928,4
5929,4
5930,3
5931,3
5932,5
5933,5
5934,0
5935,0
5936,1
5937,3
5938,3
5939,4
5940,2
5941,4
5942,1
5943,4
5944,1
5945,2
5946,3
5947,2
5948,5
5949,0
5950,2
5951,5
5952,4
5953,1
5954,3
5955,3
5956,2
5957,3
5958,5
5959,3
5960,3
5961,3
5962,4
5963,5
5964,3
5965,4
5966,2
5967,3
5968,4
5969,3
5970,1
5971,4
5972,4
5973,1
5974,3
5975,4
5976,3
5977,4
5978,3
5979,3
5980,2
5981,4
5982,4
5983,2
5984,4
5985,5
5986,5
5987,3
5988,1
5989,3
5990,2
5991,4
5992,4
5993,0
5994,4
5995,5
5996,4
5997,5
5998,5
5999,4
6000,5
6001,0
6002,1
6003,2
6004,3
6005,5
6006,3
6007,3
6008,5
6009,3
6010,2
6011,4
6012,0
6013,0
6014,2
6015,2
6016,4
6017,4
6018,1
6019,1
6020,5
6021,5
6022,0
6023,4
6024,1
6025,5
6026,3
6027,1
6028,3
6029,3
6030,4
6031,3
6032,4
6033,4
6034,4
6035,3
6036,1
6037,3
6038,3
6039,4
6040,3
6041,4
6042,4
6043,1
6044,2
6045,5
6046,2
6047,3
6048,4
6049,4
6050,4
6051,3
6052,4
6053,4
6054,1
6055,4
6056,5
6057,1
6058,4
6059,4
6060,3
6061,1
6062,0
6063,0
6064,2
6065,1
6066,0
6067,1
6068,3
6069,4
6070,3
6071,4
6072,0
6073,3
6074,0
6075,4
6076,3
6077,3
6078,0
6079,5
6080,2
6081,1
6082,1
6083,2
6084,1
6085,3
6086,0
6087,4
6088,3
6089,3
6090,3
6091,4
6092,3
6093,3
6094,5
6095,1
6096,4
6097,0
6098,1
6099,0
6100,4
6101,5
6102,0
6103,4
6104,2
6105,3
6106,3
6107,4
6108,4
6109,0
6110,1
6111,1
6112,3
6113,5
6114,0
6115,3
6116,4
6117,2
6118,0
6119,2
6120,3
6121,1
6122,5
6123,5
6124,1
6125,5
6126,5
6127,2
6128,4
6129,3
6130,0
6131,2
6132,4
6133,5
6134,3
6135,5
6136,0
6137,0
6138,3
6139,5
6140,1
6141,1
6142,4
6143,3
6144,2
6145,5
6146,5
6147,1
6148,3
6149,2
6150,2
6151,3
6152,0
6153,5
6154,2
6155,1
6156,3
6157,5
6158,3
6159,4
6160,1
6161,5
6162,2
6163,0
6164,4
6165,5
6166,2
6167,5
6168,4
6169,2
6170,1
6171,3
6172,3
6173,5
6174,4
6175,0
6176,1
6177,0
6178,3
6179,5
6180,2
6181,1
6182,1
6183,2
6184,3
6185,3
6186,3
6187,2
6188,5
6189,2
6190,5
6191,5
6192,3
6193,2
6194,2
6195,1
6196,2
6197,0
6198,0
6199,3
6200,5
6201,1
6202,3
6203,4
6204,2
6205,4
6206,1
6207,2
6208,0
6209,3
6210,2
6211,3
6212,5
6213,1
6214,1
6215,1
6216,1
6217,3
6218,1
6219,5
6220,2
6221,4
6222,1
6223,5
6224,4
6225,3
6226,4
6227,5
6228,5
6229,4
6230,5
6231,1
6232,4
6233,0
6234,3
6235,3
6236,1
6237,0
6238,0
6239,1
6240,3
6241,1
6242,3
6243,4
6244,5
6245,4
6246,4
6247,2
6248,5
6249,4
6250,3
6251,4
6252,0
6253,2
6254,3
6255,4
6256,1
6257,4
6258,5
6259,3
6260,4
6261,5
6262,3
6263,2
6264,0
6265,0
6266,3
6267,0
6268,3
6269,4
6270,3
6271,3
6272,0
6273,5
6274,4
6275,0
6276,4
6277,2
6278,3
6279,4
6280,5
6281,5
6282,0
6283,5
6284,4
6285,1
6286,4
6287,3
6288,4
6289,5
6290,4
6291,3
6292,5
6293,1
6294,5
6295,1
6296,0
6297,5
6298,3
6299,2
6300,0
6301,1
6302,4
6303,4
6304,1
6305,2
6306,1
6307,0
6308,3
6309,0
6310,1
6311,1
6312,3
6313,4
6314,5
6315,3
6316,2
6317,4
6318,3
6319,0
6320,0
6321,3
6322,4
6323,1
6324,3
6325,2
6326,5
6327,0
6328,2
6329,3
6330,1
6331,4
6332,1
6333,0
6334,4
6335,0
6336,1
6337,2
6338,4
6339,4
6340,3
6341,2
6342,1
6343,4
6344,4
6345,1
6346,2
6347,1
6348,1
6349,5
6350,3
6351,4
6352,5
6353,2
6354,5
6355,4
6356,5
6357,4
6358,3
6359,4
6360,2
6361,2
6362,2
6363,5
6364,5
6365,4
6366,2
6367,2
6368,5
6369,2
6370,4
6371,5
6372,1
6373,4
6374,2
6375,4
6376,1
6377,5
6378,3
6379,1
6380,2
6381,4
6382,2
6383,3
6384,1
6385,2
6386,4
6387,2
6388,1
6389,3
6390,1
6391,3
6392,4
6393,2
6394,4
6395,1
6396,4
6397,4
6398,0
6399,2
6400,2
6401,3
6402,5
6403,2
6404,4
6405,3
6406,5
6407,2
6408,5
6409,3
6410,4
6411,4
6412,5
6413,2
6414,4
6415,1
6416,3
6417,3
6418,4
6419,2
6420,1
6421,3
6422,5
6423,0
6424,1
6425,5
6426,3
6427,3
6428,4
6429,5
6430,1
6431,1
6432,2
6433,4
6434,4
6435,1
6436,4
6437,1
6438,1
6439,4
6440,2
6441,3
6442,1
6443,5
6444,3
6445,3
6446,1
6447,2
6448,3
6449,5
6450,4
6451,4
6452,2
6453,4
6454,2
6455,3
6456,1
6457,2
6458,3
6459,5
6460,0
6461,0
6462,2
6463,2
6464,2
6465,5
6466,1
6467,5
6468,5
6469,5
6470,0
6471,1
6472,4
6473,3
6474,2
6475,2
6476,3
6477,4
6478,2
6479,1
6480,5
6481,4
6482,3
6483,5
6484,3
6485,4
6486,3
6487,4
6488,3
6489,3
6490,1
6491,3
6492,5
6493,3
6494,4
6495,3
6496,3
6497,4
6498,2
6499,4
6500,0
6501,4
6502,5
6503,4
6504,0
6505,3
6506,2
6507,4
6508,0
6509,0
6510,4
6511,3
6512,3
6513,2
6514,5
6515,1
6516,0
6517,1
6518,1
6519,3
6520,3
6521,5
6522,1
6523,2
6524,3
6525,3
6526,0
6527,2
6528,5
6529,5
6530,3
6531,4
6532,4
6533,3
6534,1
6535,5
6536,2
6537,4
6538,3
6539,5
6540,2
6541,3
6542,3
6543,4
6544,2
6545,4
6546,5
6547,3
6548,0
6549,1
6550,4
6551,5
6552,4
6553,5
6554,2
6555,1
6556,4
6557,3
6558,2
6559,2
6560,4
6561,1
6562,4
6563,2
6564,5
6565,4
6566,4
6567,4
6568,3
6569,1
6570,4
6571,1
6572,2
6573,4
6574,3
6575,5
6576,3
6577,5
6578,4
6579,3
6580,3
6581,4
6582,2
6583,4
6584,2
6585,4
6586,2
6587,1
6588,3
6589,3
6590,4
6591,3
6592,2
6593,2
6594,4
6595,3
6596,4
6597,0
6598,3
6599,1
6600,4
6601,5
6602,5
6603,5
6604,4
6605,3
6606,1
6607,2
6608,1
6609,5
6610,3
6611,0
6612,1
6613,5
6614,5
6615,2
6616,5
6617,2
6618,5
6619,1
6620,3
6621,4
6622,0
6623,5
6624,3
6625,1
6626,5
6627,1
6628,2
6629,2
6630,1
6631,0
6632,1
6633,4
6634,3
6635,5
6636,1
6637,5
6638,3
6639,3
6640,1
6641,1
6642,1
6643,1
6644,2
6645,0
6646,5
6647,4
6648,0
6649,2
6650,2
6651,2
6652,3
6653,3
6654,4
6655,3
6656,2
6657,1
6658,4
6659,2
6660,4
6661,2
6662,3
6663,4
6664,2
6665,5
6666,3
6667,2
6668,2
6669,2
6670,4
6671,4
6672,3
6673,3
6674,3
6675,2
6676,0
6677,4
6678,1
6679,4
6680,2
6681,4
6682,1
6683,2
6684,3
6685,4
6686,2
6687,0
6688,0
6689,1
6690,0
6691,3
6692,3
6693,3
6694,5
6695,5
6696,1
6697,3
6698,3
6699,4
6700,2
6701,0
6702,4
6703,0
6704,1
6705,5
6706,5
6707,4
6708,1
6709,5
6710,1
6711,2
6712,4
6713,1
6714,4
6715,5
6716,5
6717,0
6718,0
6719,1
6720,5
6721,3
6722,5
6723,0
6724,5
6725,3
6726,2
6727,0
6728,2
6729,4
6730,3
6731,5
6732,3
6733,3
6734,1
6735,1
6736,5
6737,4
6738,4
6739,3
6740,3
6741,4
6742,1
6743,4
6744,2
6745,1
6746,5
6747,4
6748,1
6749,3
6750,1
6751,3
6752,3
6753,1
6754,3
6755,4
6756,5
6757,2
6758,3
6759,5
6760,5
6761,5
6762,5
6763,3
6764,4
6765,3
6766,4
6767,4
6768,5
6769,0
6770,4
6771,3
6772,5
6773,1
6774,4
6775,1
6776,4
6777,3
6778,3
6779,2
6780,3
6781,3
6782,0
6783,2
6784,3
6785,4
6786,1
6787,1
6788,2
6789,0
6790,2
6791,2
6792,4
6793,2
6794,2
6795,4
6796,3
6797,0
6798,2
6799,4
6800,4
6801,2
6802,3
6803,5
6804,4
6805,4
6806,5
6807,5
6808,0
6809,4
6810,4
6811,3
6812,3
6813,4
6814,5
6815,2
6816,5
6817,4
6818,3
6819,5
6820,4
6821,4
6822,5
6823,3
6824,1
6825,5
6826,2
6827,0
6828,4
6829,4
6830,1
6831,4
6832,3
6833,1
6834,0
6835,4
6836,1
6837,1
6838,0
6839,4
6840,4
6841,2
6842,5
6843,0
6844,0
6845,2
6846,2
6847,3
6848,1
6849,5
6850,4
6851,1
6852,4
6853,4
6854,5
6855,3
6856,5
6857,2
6858,5
6859,2
6860,4
6861,1
6862,1
6863,5
6864,5
6865,4
6866,0
6867,3
6868,1
6869,3
6870,1
6871,4
6872,2
6873,1
6874,5
6875,5
6876,5
6877,5
6878,2
6879,5
6880,3
6881,3
6882,5
6883,4
6884,3
6885,2
6886,2
6887,1
6888,4
6889,4
6890,2
6891,4
6892,4
6893,4
6894,2
6895,2
6896,4
6897,1
6898,1
6899,5
6900,2
6901,4
6902,1
6903,2
6904,2
6905,0
6906,3
6907,1
6908,5
6909,0
6910,3
6911,4
6912,4
6913,0
6914,4
6915,1
6916,5
6917,1
6918,5
6919,2
6920,4
6921,4
6922,3
6923,2
6924,4
6925,4
6926,3
6927,3
6928,1
6929,4
6930,5
6931,2
6932,4
6933,1
6934,5
6935,3
6936,0
6937,1
6938,1
6939,0
6940,3
6941,3
6942,5
6943,1
6944,2
6945,3
6946,4
6947,2
6948,2
6949,4
6950,4
6951,4
6952,3
6953,3
6954,1
6955,3
6956,2
6957,0
6958,3
6959,4
6960,4
6961,3
6962,2
6963,1
6964,5
6965,3
6966,4
6967,5
6968,1
6969,0
6970,4
6971,0
6972,3
6973,3
6974,2
6975,5
6976,5
6977,2
6978,1
6979,3
6980,2
6981,2
6982,4
6983,4
6984,1
6985,0
6986,2
6987,2
6988,1
6989,5
6990,5
6991,2
6992,5
6993,4
6994,3
6995,5
6996,4
6997,1
6998,0
6999,4
7000,4
7001,4
7002,3
7003,5
7004,1
7005,2
7006,2
7007,2
7008,4
7009,2
7010,3
7011,4
7012,1
7013,4
7014,1
7015,2
7016,5
7017,4
7018,4
7019,4
7020,5
7021,4
7022,3
7023,5
7024,2
7025,1
7026,4
7027,5
7028,1
7029,0
7030,4
7031,1
7032,2
7033,4
7034,5
7035,0
7036,1
7037,4
7038,4
7039,3
7040,3
7041,2
7042,3
7043,5
7044,4
7045,1
7046,3
7047,3
7048,0
7049,4
7050,1
7051,3
7052,2
7053,4
7054,1
7055,1
7056,2
7057,4
7058,1
7059,2
7060,0
7061,2
7062,1
7063,3
7064,2
7065,1
7066,0
7067,1
7068,4
7069,4
7070,5
7071,3
7072,1
7073,1
7074,5
7075,2
7076,5
7077,5
7078,1
7079,3
7080,4
7081,5
7082,1
7083,1
7084,2
7085,0
7086,0
7087,4
7088,3
7089,3
7090,2
7091,0
7092,3
7093,1
7094,3
7095,4
7096,2
7097,4
7098,0
7099,4
7100,4
7101,3
7102,4
7103,2
7104,3
7105,3
7106,3
7107,1
7108,5
7109,4
7110,3
7111,5
7112,4
7113,2
7114,3
7115,4
7116,1
7117,3
7118,4
7119,4
7120,1
7121,0
7122,0
7123,4
7124,4
7125,5
7126,0
7127,3
7128,0
7129,5
7130,1
7131,3
7132,2
7133,3
7134,5
7135,5
7136,2
7137,0
7138,1
7139,4
7140,4
7141,3
7142,3
7143,1
7144,2
7145,0
7146,2
7147,0
7148,5
7149,3
7150,5
7151,2
7152,4
7153,4
7154,4
7155,2
7156,3
7157,3
7158,5
7159,3
7160,4
7161,3
7162,4
7163,5
7164,0
7165,2
7166,2
7167,3
7168,1
7169,2
7170,3
7171,1
7172,3
7173,1
7174,5
7175,4
7176,2
7177,5
7178,3
7179,4
7180,3
7181,3
7182,1
7183,4
7184,5
7185,1
7186,2
7187,0
7188,1
7189,3
7190,2
7191,3
7192,3
7193,0
7194,0
7195,1
7196,5
7197,4
7198,1
7199,1
7200,0
7201,2
7202,3
7203,2
7204,1
7205,4
7206,0
7207,3
7208,4
7209,4
7210,5
7211,0
7212,4
7213,3
7214,5
7215,3
7216,3
7217,2
7218,1
7219,2
7220,4
7221,3
7222,3
7223,1
7224,5
7225,4
7226,3
7227,1
7228,5
7229,4
7230,0
7231,3
7232,4
7233,5
7234,4
7235,3
7236,0
7237,4
7238,3
7239,5
7240,3
7241,4
7242,0
7243,3
7244,5
7245,3
7246,0
7247,4
7248,5
7249,1
7250,5
7251,3
7252,3
7253,1
7254,1
7255,0
7256,2
7257,2
7258,2
7259,1
7260,1
7261,0
7262,5
7263,4
7264,4
7265,1
7266,5
7267,1
7268,5
7269,1
7270,4
7271,5
7272,3
7273,3
7274,2
7275,2
7276,3
7277,4
7278,5
7279,4
7280,5
7281,3
7282,2
7283,4
7284,4
7285,1
7286,2
7287,1
7288,3
7289,4
7290,3
7291,2
7292,2
7293,4
7294,5
7295,5
7296,2
7297,1
7298,0
7299,5
7300,4
7301,3
7302,4
7303,1
7304,2
7305,4
7306,3
7307,3
7308,2
7309,3
7310,2
7311,5
7312,4
7313,1
7314,4
7315,5
7316,4
7317,2
7318,5
7319,4
7320,3
7321,0
7322,1
7323,3
7324,3
7325,2
7326,0
7327,4
7328,3
7329,3
7330,3
7331,1
7332,2
7333,2
7334,5
7335,0
7336,5
7337,4
7338,2
7339,1
7340,2
7341,1
7342,3
7343,5
7344,0
7345,5
7346,5
7347,1
7348,4
7349,4
7350,5
7351,4
7352,1
7353,3
7354,4
7355,1
7356,4
7357,5
7358,4
7359,3
7360,4
7361,0
7362,5
7363,2
7364,5
7365,4
7366,1
7367,1
7368,5
7369,1
7370,2
7371,2
7372,2
7373,5
7374,3
7375,3
7376,3
7377,1
7378,3
7379,1
7380,4
7381,0
7382,0
7383,5
7384,5
7385,3
7386,2
7387,0
7388,5
7389,1
7390,1
7391,2
7392,3
7393,2
7394,4
7395,4
7396,4
7397,4
7398,5
7399,4
7400,4
7401,1
7402,4
7403,3
7404,4
7405,2
7406,4
7407,5
7408,5
7409,2
7410,1
7411,4
7412,1
7413,2
7414,1
7415,4
7416,3
7417,1
7418,2
7419,4
7420,3
7421,1
7422,2
7423,1
7424,2
7425,3
7426,5
7427,3
7428,2
7429,5
7430,3
7431,0
7432,1
7433,3
7434,1
7435,1
7436,4
7437,1
7438,4
7439,3
7440,5
7441,3
7442,3
7443,1
7444,2
7445,2
7446,0
7447,5
7448,5
7449,4
7450,4
7451,4
7452,1
7453,2
7454,1
7455,4
7456,2
7457,4
7458,2
7459,2
7460,1
7461,1
7462,0
7463,4
7464,1
7465,1
7466,5
7467,3
7468,3
7469,4
7470,4
7471,5
7472,2
7473,3
7474,5
7475,3
7476,1
7477,5
7478,4
7479,4
7480,4
7481,1
7482,3
7483,4
7484,5
7485,4
7486,4
7487,2
7488,4
7489,5
7490,3
7491,3
7492,2
7493,1
7494,3
7495,2
7496,1
7497,1
7498,2
7499,3
7500,2
7501,5
7502,2
7503,2
7504,1
7505,4
7506,2
7507,3
7508,4
7509,2
7510,4
7511,3
7512,3
7513,3
7514,2
7515,4
7516,2
7517,2
7518,0
7519,1
7520,2
7521,4
7522,3
7523,3
7524,5
7525,4
7526,3
7527,2
7528,5
7529,4
7530,4
7531,2
7532,5
7533,5
7534,2
7535,5
7536,4
7537,3
7538,4
7539,1
7540,2
7541,5
7542,2
7543,3
7544,2
7545,5
7546,2
7547,5
7548,2
7549,3
7550,5
7551,0
7552,5
7553,4
7554,2
7555,2
7556,4
7557,5
7558,5
7559,4
7560,4
7561,1
7562,1
7563,5
7564,2
7565,3
7566,2
7567,3
7568,3
7569,5
7570,1
7571,5
7572,3
7573,0
7574,1
7575,2
7576,5
7577,4
7578,3
7579,2
7580,4
7581,4
7582,0
7583,3
7584,5
7585,2
7586,4
7587,1
7588,4
7589,4
7590,4
7591,1
7592,1
7593,0
7594,1
7595,2
7596,5
7597,3
7598,1
7599,4
7600,3
7601,3
7602,5
7603,2
7604,5
7605,5
7606,0
7607,2
7608,0
7609,5
7610,2
7611,0
7612,1
7613,4
7614,5
7615,3
7616,4
7617,2
7618,4
7619,0
7620,3
7621,4
7622,1
7623,2
7624,5
7625,3
7626,3
7627,1
7628,4
7629,3
7630,5
7631,1
7632,2
7633,1
7634,3
7635,4
7636,3
7637,3
7638,4
7639,1
7640,2
7641,1
7642,5
7643,1
7644,3
7645,0
7646,4
7647,4
7648,1
7649,3
7650,5
7651,3
7652,2
7653,5
7654,1
7655,5
7656,1
7657,0
7658,4
7659,4
7660,4
7661,5
7662,0
7663,5
7664,3
7665,2
7666,1
7667,2
7668,3
7669,4
7670,4
7671,1
7672,5
7673,5
7674,1
7675,3
7676,3
7677,1
7678,2
7679,2
7680,1
7681,2
7682,2
7683,1
7684,3
7685,4
7686,3
7687,2
7688,4
7689,4
7690,2
7691,3
7692,1
7693,2
7694,2
7695,1
7696,2
7697,2
7698,1
7699,1
7700,1
7701,4
7702,3
7703,2
7704,5
7705,2
7706,3
7707,4
7708,0
7709,3
7710,5
7711,1
7712,4
7713,2
7714,4
7715,3
7716,0
7717,5
7718,4
7719,1
7720,4
7721,0
7722,3
7723,3
7724,1
7725,5
7726,5
7727,4
7728,3
7729,4
7730,2
7731,4
7732,1
7733,3
7734,2
7735,3
7736,5
7737,4
7738,0
7739,4
7740,0
7741,4
7742,4
7743,4
7744,3
7745,0
7746,5
7747,4
7748,2
7749,2
7750,3
7751,1
7752,2
7753,2
7754,4
7755,2
7756,4
7757,3
7758,3
7759,3
7760,4
7761,1
7762,5
7763,1
7764,3
7765,0
7766,5
7767,3
7768,1
7769,5
7770,1
7771,1
7772,3
7773,3
7774,5
7775,1
7776,4
7777,3
7778,1
7779,1
7780,5
7781,2
7782,2
7783,5
7784,2
7785,3
7786,5
7787,2
7788,2
7789,0
7790,4
7791,0
7792,3
7793,3
7794,0
7795,4
7796,3
7797,2
7798,2
7799,5
7800,3
7801,0
7802,3
7803,1
7804,3
7805,2
7806,0
7807,3
7808,1
7809,4
7810,2
7811,4
7812,3
7813,4
7814,1
7815,4
7816,5
7817,2
7818,2
7819,4
7820,2
7821,3
7822,3
7823,4
7824,1
7825,2
7826,1
7827,4
7828,4
7829,5
7830,4
7831,5
7832,2
7833,3
7834,5
7835,4
7836,4
7837,4
7838,5
7839,4
7840,4
7841,2
7842,3
7843,4
7844,2
7845,5
7846,4
7847,4
7848,3
7849,3
7850,2
7851,2
7852,2
7853,2
7854,3
7855,5
7856,1
7857,1
7858,3
7859,0
7860,2
7861,2
7862,3
7863,3
7864,3
7865,1
7866,2
7867,0
7868,2
7869,5
7870,5
7871,4
7872,0
7873,1
7874,3
7875,2
7876,2
7877,3
7878,4
7879,2
7880,2
7881,3
7882,4
7883,5
7884,3
7885,4
7886,1
7887,4
7888,4
7889,5
7890,4
7891,4
7892,5
7893,3
7894,3
7895,2
7896,5
7897,4
7898,3
7899,0
7900,4
7901,5
7902,5
7903,1
7904,1
7905,5
7906,1
7907,5
7908,3
7909,2
7910,3
7911,2
7912,5
7913,4
7914,1
7915,2
7916,4
7917,2
7918,3
7919,1
7920,4
7921,4
7922,4
7923,4
7924,3
7925,2
7926,1
7927,3
7928,1
7929,5
7930,4
7931,2
7932,2
7933,5
7934,1
7935,0
7936,3
7937,4
7938,5
7939,3
7940,5
7941,4
7942,1
7943,2
7944,1
7945,3
7946,0
7947,2
7948,1
7949,5
7950,4
7951,3
7952,3
7953,4
7954,5
7955,4
7956,4
7957,4
7958,1
7959,1
7960,4
7961,4
7962,4
7963,4
7964,4
7965,2
7966,1
7967,0
7968,3
7969,3
7970,4
7971,2
7972,0
7973,2
7974,1
7975,2
7976,1
7977,4
7978,5
7979,5
7980,4
7981,3
7982,4
7983,2
7984,3
7985,4
7986,0
7987,4
7988,3
7989,2
7990,1
7991,5
7992,1
7993,3
7994,3
7995,5
7996,4
7997,2
7998,3
7999,4
8000,4
8001,3
8002,1
8003,0
8004,3
8005,0
8006,3
8007,1
8008,4
8009,4
8010,2
8011,1
8012,2
8013,1
8014,1
8015,1
8016,2
8017,4
8018,4
8019,1
8020,2
8021,4
8022,5
8023,3
8024,4
8025,2
8026,4
8027,3
8028,3
8029,0
8030,2
8031,0
8032,4
8033,2
8034,3
8035,4
8036,5
8037,3
8038,2
8039,0
8040,2
8041,5
8042,4
8043,4
8044,5
8045,2
8046,3
8047,2
8048,4
8049,4
8050,1
8051,4
8052,4
8053,2
8054,2
8055,4
8056,3
8057,3
8058,4
8059,4
8060,5
8061,5
8062,0
8063,0
8064,1
8065,1
8066,3
8067,4
8068,4
8069,3
8070,5
8071,5
8072,3
8073,5
8074,4
8075,3
8076,3
8077,4
8078,0
8079,2
8080,4
8081,3
8082,5
8083,5
8084,3
8085,1
8086,4
8087,4
8088,4
8089,4
8090,5
8091,2
8092,0
8093,4
8094,1
8095,3
8096,4
8097,4
8098,5
8099,1
8100,5
8101,5
8102,2
8103,1
8104,4
8105,2
8106,2
8107,3
8108,4
8109,4
8110,1
8111,3
8112,5
8113,2
8114,0
8115,1
8116,4
8117,2
8118,4
8119,3
8120,1
8121,3
8122,3
8123,3
8124,4
8125,0
8126,0
8127,1
8128,4
8129,1
8130,2
8131,2
8132,5
8133,0
8134,3
8135,3
8136,1
8137,1
8138,0
8139,1
8140,1
8141,3
8142,1
8143,4
8144,4
8145,5
8146,2
8147,0
8148,5
8149,3
8150,4
8151,0
8152,0
8153,4
8154,1
8155,4
8156,4
8157,0
8158,3
8159,2
8160,3
8161,1
8162,2
8163,1
8164,4
8165,2
8166,4
8167,4
8168,3
8169,3
8170,3
8171,2
8172,2
8173,1
8174,1
8175,4
8176,1
8177,0
8178,4
8179,5
8180,3
8181,1
8182,5
8183,1
8184,5
8185,2
8186,3
8187,3
8188,5
8189,5
8190,5
8191,2
8192,5
8193,4
8194,0
8195,4
8196,3
8197,4
8198,5
8199,5
8200,3
8201,4
8202,5
8203,0
8204,4
8205,0
8206,2
8207,1
8208,4
8209,4
8210,3
8211,1
8212,2
8213,4
8214,3
8215,4
8216,0
8217,5
8218,3
8219,5
8220,4
8221,4
8222,3
8223,5
8224,3
8225,2
8226,1
8227,4
8228,3
8229,0
8230,1
8231,3
8232,3
8233,2
8234,2
8235,5
8236,5
8237,2
8238,5
8239,5
8240,3
8241,4
8242,5
8243,2
8244,1
8245,3
8246,4
8247,4
8248,5
8249,2
8250,1
8251,4
8252,5
8253,3
8254,3
8255,3
8256,2
8257,4
8258,0
8259,1
8260,4
8261,0
8262,0
8263,1
8264,3
8265,3
8266,2
8267,0
8268,0
8269,3
8270,3
8271,4
8272,5
8273,5
8274,5
8275,3
8276,1
8277,5
8278,4
8279,5
8280,4
8281,2
8282,4
8283,1
8284,3
8285,2
8286,4
8287,5
8288,4
8289,5
8290,3
8291,4
8292,3
8293,2
8294,4
8295,0
8296,3
8297,2
8298,2
8299,3
8300,0
8301,5
8302,3
8303,4
8304,2
8305,0
8306,2
8307,3
8308,0
8309,4
8310,2
8311,2
8312,3
8313,0
8314,3
8315,3
8316,5
8317,1
8318,4
8319,4
8320,1
8321,3
8322,5
8323,5
8324,4
8325,4
8326,4
8327,1
8328,1
8329,1
8330,1
8331,3
8332,2
8333,3
8334,3
8335,2
8336,1
8337,3
8338,5
8339,4
8340,2
8341,2
8342,3
8343,4
8344,2
8345,1
8346,4
8347,1
8348,4
8349,2
8350,2
8351,3
8352,5
8353,4
8354,5
8355,1
8356,4
8357,3
8358,0
8359,4
8360,3
8361,0
8362,1
8363,2
8364,2
8365,5
8366,1
8367,4
8368,3
8369,4
8370,4
8371,5
8372,5
8373,3
8374,2
8375,0
8376,3
8377,3
8378,2
8379,3
8380,1
8381,3
8382,4
8383,4
8384,1
8385,2
8386,5
8387,4
8388,3
8389,3
8390,3
8391,3
8392,3
8393,4
8394,3
8395,4
8396,4
8397,0
8398,3
8399,3
8400,1
8401,1
8402,2
8403,5
8404,1
8405,3
8406,1
8407,3
8408,4
8409,4
8410,1
8411,3
8412,4
8413,0
8414,3
8415,2
8416,4
8417,3
8418,3
8419,4
8420,4
8421,2
8422,3
8423,0
8424,3
8425,3
8426,5
8427,4
8428,4
8429,3
8430,2
8431,4
8432,4
8433,4
8434,1
8435,4
8436,3
8437,2
8438,5
8439,4
8440,2
8441,1
8442,2
8443,3
8444,5
8445,1
8446,1
8447,3
8448,4
8449,3
8450,2
8451,3
8452,3
8453,3
8454,1
8455,3
8456,4
8457,3
8458,3
8459,2
8460,2
8461,5
8462,4
8463,2
8464,3
8465,4
8466,4
8467,4
8468,3
8469,2
8470,3
8471,4
8472,5
8473,5
8474,3
8475,1
8476,1
8477,4
8478,2
8479,3
8480,4
8481,1
8482,5
8483,4
8484,1
8485,5
8486,5
8487,2
8488,2
8489,4
8490,4
8491,5
8492,3
8493,1
8494,4
8495,3
8496,4
8497,3
8498,3
8499,4
8500,3
8501,5
8502,4
8503,1
8504,3
8505,1
8506,0
8507,4
8508,4
8509,2
8510,4
8511,3
8512,3
8513,2
8514,4
8515,2
8516,2
8517,4
8518,4
8519,3
8520,4
8521,3
8522,5
8523,0
8524,5
8525,4
8526,2
8527,5
8528,1
8529,2
8530,3
8531,4
8532,2
8533,5
8534,2
8535,3
8536,1
8537,4
8538,2
8539,4
8540,5
8541,3
8542,4
8543,3
8544,2
8545,4
8546,5
8547,1
8548,3
8549,3
8550,0
8551,5
8552,5
8553,5
8554,4
8555,3
8556,3
8557,3
8558,5
8559,4
8560,0
8561,1
8562,1
8563,4
8564,1
8565,1
8566,0
8567,2
8568,3
8569,5
8570,2
8571,0
8572,5
8573,4
8574,4
8575,4
8576,2
8577,4
8578,5
8579,4
8580,5
8581,3
8582,1
8583,1
8584,3
8585,2
8586,5
8587,1
8588,3
8589,0
8590,1
8591,5
8592,1
8593,5
8594,0
8595,3
8596,1
8597,1
8598,2
8599,4
8600,5
8601,1
8602,0
8603,2
8604,0
8605,4
8606,4
8607,1
8608,3
8609,1
8610,4
8611,1
8612,5
8613,4
8614,4
8615,5
8616,2
8617,5
8618,3
8619,4
8620,1
8621,4
8622,3
8623,0
8624,1
8625,5
8626,1
8627,5
8628,4
8629,3
8630,2
8631,4
8632,0
8633,1
8634,2
8635,0
8636,5
8637,0
8638,5
8639,1
8640,3
8641,0
8642,2
8643,3
8644,5
8645,2
8646,5
8647,4
8648,2
8649,1
8650,1
8651,0
8652,1
8653,1
8654,3
8655,2
8656,2
8657,2
8658,2
8659,3
8660,4
8661,1
8662,3
8663,4
8664,5
8665,4
8666,1
8667,3
8668,1
8669,3
8670,2
8671,1
8672,3
8673,4
8674,2
8675,5
8676,1
8677,3
8678,4
8679,2
8680,5
8681,2
8682,1
8683,2
8684,2
8685,3
8686,0
8687,4
8688,4
8689,1
8690,4
8691,2
8692,1
8693,2
8694,4
8695,3
8696,3
8697,5
8698,2
8699,1
8700,3
8701,4
8702,5
8703,4
8704,0
8705,3
8706,2
8707,1
8708,3
8709,5
8710,2
8711,2
8712,2
8713,4
8714,4
8715,2
8716,5
8717,3
8718,3
8719,3
8720,4
8721,1
8722,3
8723,3
8724,1
8725,3
8726,3
8727,4
8728,2
8729,1
8730,3
8731,5
8732,1
8733,5
8734,4
8735,1
8736,2
8737,5
8738,3
8739,3
8740,1
8741,4
8742,3
8743,2
8744,4
8745,3
8746,1
8747,3
8748,3
8749,5
8750,4
8751,4
8752,4
8753,4
8754,2
8755,0
8756,5
8757,2
8758,0
8759,3
8760,3
8761,1
8762,2
8763,4
8764,4
8765,4
8766,5
8767,5
8768,5
8769,3
8770,5
8771,0
8772,1
8773,2
8774,4
8775,5
8776,1
8777,5
8778,5
8779,5
8780,5
8781,2
8782,5
8783,5
8784,3
8785,0
8786,4
8787,5
8788,3
8789,2
8790,1
8791,5
8792,1
8793,1
8794,4
8795,3
8796,5
8797,3
8798,1
8799,3
8800,2
8801,5
8802,4
8803,4
8804,3
8805,0
8806,2
8807,3
8808,2
8809,2
8810,3
8811,4
8812,0
8813,0
8814,3
8815,3
8816,1
8817,0
8818,3
8819,5
8820,4
8821,1
8822,1
8823,3
8824,4
8825,1
8826,1
8827,2
8828,3
8829,1
8830,1
8831,3
8832,5
8833,3
8834,2
8835,4
8836,2
8837,1
8838,2
8839,3
8840,2
8841,3
8842,3
8843,0
8844,2
8845,1
8846,1
8847,3
8848,4
8849,4
8850,0
8851,2
8852,2
8853,1
8854,1
8855,2
8856,4
8857,3
8858,0
8859,2
8860,5
8861,5
8862,3
8863,4
8864,3
8865,4
8866,4
8867,4
8868,5
8869,5
8870,0
8871,0
8872,1
8873,0
8874,2
8875,4
8876,2
8877,4
8878,5
8879,4
8880,0
8881,4
8882,4
8883,1
8884,3
8885,1
8886,2
8887,1
8888,4
8889,2
8890,3
8891,3
8892,2
8893,2
8894,2
8895,3
8896,2
8897,3
8898,2
8899,3
8900,4
8901,2
8902,3
8903,3
8904,1
8905,5
8906,3
8907,1
8908,2
8909,4
8910,4
8911,5
8912,1
8913,3
8914,2
8915,5
8916,1
8917,4
8918,4
8919,0
8920,3
8921,3
8922,1
8923,3
8924,0
8925,3
8926,1
8927,3
8928,3
8929,5
8930,5
8931,3
8932,2
8933,4
8934,4
8935,0
8936,3
8937,4
8938,3
8939,3
8940,2
8941,1
8942,5
8943,2
8944,2
8945,2
8946,4
8947,4
8948,0
8949,2
8950,5
8951,4
8952,3
8953,1
8954,4
8955,0
8956,4
8957,5
8958,1
8959,3
8960,0
8961,5
8962,0
8963,3
8964,5
8965,5
8966,5
8967,3
8968,5
8969,5
8970,5
8971,5
8972,1
8973,2
8974,3
8975,4
8976,0
8977,3
8978,1
8979,3
8980,0
8981,3
8982,2
8983,4
8984,3
8985,4
8986,0
8987,2
8988,3
8989,2
8990,5
8991,0
8992,3
8993,1
8994,4
8995,0
8996,4
8997,1
8998,4
8999,4
9000,2
9001,2
9002,4
9003,4
9004,0
9005,2
9006,0
9007,3
9008,4
9009,5
9010,3
9011,3
9012,0
9013,3
9014,0
9015,2
9016,1
9017,1
9018,1
9019,5
9020,5
9021,5
9022,4
9023,1
9024,3
9025,2
9026,1
9027,0
9028,4
9029,3
9030,2
9031,4
9032,3
9033,0
9034,1
9035,2
9036,0
9037,1
9038,4
9039,1
9040,3
9041,2
9042,0
9043,1
9044,3
9045,5
9046,4
9047,4
9048,4
9049,3
9050,4
9051,4
9052,2
9053,4
9054,3
9055,3
9056,4
9057,5
9058,5
9059,4
9060,4
9061,0
9062,1
9063,1
9064,5
9065,3
9066,1
9067,2
9068,4
9069,3
9070,2
9071,3
9072,5
9073,2
9074,2
9075,3
9076,3
9077,2
9078,5
9079,5
9080,1
9081,4
9082,3
9083,5
9084,2
9085,1
9086,3
9087,1
9088,4
9089,4
9090,2
9091,2
9092,0
9093,5
9094,0
9095,3
9096,4
9097,4
9098,3
9099,3
9100,4
9101,2
9102,5
9103,5
9104,2
9105,3
9106,3
9107,0
9108,3
9109,3
9110,2
9111,1
9112,3
9113,3
9114,3
9115,3
9116,3
9117,4
9118,3
9119,3
9120,1
9121,1
9122,1
9123,3
9124,1
9125,5
9126,1
9127,1
9128,2
9129,0
9130,4
9131,3
9132,3
9133,4
9134,0
9135,4
9136,3
9137,5
9138,0
9139,2
9140,5
9141,4
9142,1
9143,0
9144,2
9145,5
9146,2
9147,5
9148,2
9149,3
9150,0
9151,3
9152,4
9153,0
9154,4
9155,0
9156,1
9157,2
9158,5
9159,1
9160,1
9161,1
9162,2
9163,5
9164,2
9165,2
9166,5
9167,3
9168,3
9169,3
9170,5
9171,3
9172,5
9173,4
9174,4
9175,5
9176,3
9177,4
9178,4
9179,4
9180,3
9181,4
9182,0
9183,5
9184,3
9185,1
9186,0
9187,2
9188,4
9189,1
9190,3
9191,4
9192,4
9193,1
9194,2
9195,5
9196,5
9197,3
9198,0
9199,4
9200,3
9201,5
9202,1
9203,2
9204,4
9205,0
9206,5
9207,1
9208,3
9209,1
9210,2
9211,5
9212,4
9213,4
9214,5
9215,3
9216,4
9217,1
9218,2
9219,3
9220,0
9221,5
9222,0
9223,2
9224,3
9225,3
9226,3
9227,1
9228,2
9229,0
9230,2
9231,3
9232,4
9233,4
9234,5
9235,5
9236,2
9237,4
9238,3
9239,3
9240,2
9241,4
9242,5
9243,4
9244,4
9245,1
9246,5
9247,2
9248,1
9249,5
9250,3
9251,4
9252,1
9253,1
9254,3
9255,0
9256,3
9257,4
9258,1
9259,1
9260,2
9261,0
9262,3
9263,1
9264,4
9265,3
9266,2
9267,4
9268,3
9269,5
9270,4
9271,4
9272,3
9273,0
9274,4
9275,4
9276,5
9277,0
9278,2
9279,4
9280,1
9281,3
9282,2
9283,5
9284,3
9285,2
9286,5
9287,2
9288,1
9289,3
9290,5
9291,3
9292,3
9293,1
9294,5
9295,4
9296,3
9297,3
9298,3
9299,1
9300,3
9301,2
9302,5
9303,4
9304,2
9305,3
9306,4
9307,4
9308,2
9309,5
9310,4
9311,4
9312,5
9313,5
9314,4
9315,1
9316,4
9317,2
9318,3
9319,1
9320,1
9321,4
9322,2
9323,4
9324,2
9325,3
9326,5
9327,0
9328,4
9329,2
9330,0
9331,2
9332,4
9333,2
9334,3
9335,5
9336,4
9337,1
9338,4
9339,4
9340,0
9341,5
9342,2
9343,4
9344,4
9345,5
9346,5
9347,1
9348,1
9349,4
9350,3
9351,5
9352,2
9353,2
9354,3
9355,4
9356,4
9357,5
9358,4
9359,1
9360,4
9361,4
9362,0
9363,4
9364,5
9365,0
9366,4
9367,0
9368,4
9369,5
9370,3
9371,1
9372,5
9373,5
9374,1
9375,3
9376,2
9377,5
9378,2
9379,0
9380,2
9381,4
9382,4
9383,4
9384,5
9385,4
9386,4
9387,0
9388,5
9389,4
9390,4
9391,2
9392,3
9393,0
9394,4
9395,3
9396,2
9397,5
9398,1
9399,0
9400,4
9401,2
9402,4
9403,3
9404,3
9405,4
9406,0
9407,3
9408,5
9409,3
9410,1
9411,3
9412,5
9413,5
9414,2
9415,1
9416,1
9417,3
9418,5
9419,3
9420,3
9421,1
9422,2
9423,3
9424,5
9425,5
9426,1
9427,3
9428,1
9429,1
9430,3
9431,4
9432,1
9433,1
9434,5
9435,2
9436,5
9437,4
9438,4
9439,3
9440,3
9441,4
9442,3
9443,2
9444,2
9445,3
9446,3
9447,1
9448,5
9449,4
9450,1
9451,4
9452,4
9453,5
9454,5
9455,5
9456,5
9457,3
9458,3
9459,2
9460,0
9461,4
9462,3
9463,3
9464,2
9465,2
9466,0
9467,5
9468,2
9469,2
9470,4
9471,5
9472,5
9473,5
9474,4
9475,3
9476,2
9477,3
9478,4
9479,4
9480,4
9481,3
9482,0
9483,0
9484,2
9485,4
9486,2
9487,3
9488,3
9489,5
9490,2
9491,5
9492,1
9493,2
9494,3
9495,3
9496,5
9497,5
9498,0
9499,3
9500,4
9501,3
9502,1
9503,5
9504,4
9505,2
9506,1
9507,3
9508,4
9509,2
9510,4
9511,2
9512,5
9513,1
9514,2
9515,4
9516,2
9517,1
9518,4
9519,1
9520,4
9521,2
9522,4
9523,3
9524,4
9525,2
9526,3
9527,3
9528,3
9529,3
9530,5
9531,3
9532,3
9533,2
9534,4
9535,3
9536,1
9537,3
9538,2
9539,3
9540,5
9541,4
9542,1
9543,2
9544,2
9545,3
9546,5
9547,2
9548,0
9549,2
9550,3
9551,4
9552,0
9553,1
9554,3
9555,1
9556,5
9557,5
9558,3
9559,0
9560,5
9561,2
9562,1
9563,4
9564,0
9565,3
9566,3
9567,4
9568,3
9569,1
9570,1
9571,4
9572,5
9573,3
9574,3
9575,4
9576,3
9577,3
9578,2
9579,4
9580,5
9581,2
9582,0
9583,4
9584,4
9585,0
9586,2
9587,1
9588,4
9589,1
9590,3
9591,1
9592,2
9593,5
9594,4
9595,3
9596,5
9597,3
9598,2
9599,2
9600,0
9601,4
9602,0
9603,4
9604,0
9605,3
9606,2
9607,1
9608,3
9609,2
9610,3
9611,3
9612,1
9613,4
9614,1
9615,1
9616,1
9617,4
9618,2
9619,0
9620,5
9621,1
9622,1
9623,4
9624,3
9625,3
9626,0
9627,4
9628,5
9629,4
9630,1
9631,4
9632,3
9633,3
9634,2
9635,4
9636,4
9637,4
9638,4
9639,3
9640,0
9641,1
9642,5
9643,4
9644,5
9645,4
9646,1
9647,4
9648,5
9649,4
9650,2
9651,2
9652,5
9653,4
9654,3
9655,4
9656,2
9657,2
9658,3
9659,3
9660,2
9661,4
9662,2
9663,3
9664,2
9665,3
9666,4
9667,4
9668,5
9669,2
9670,4
9671,4
9672,4
9673,4
9674,1
9675,0
9676,2
9677,4
9678,5
9679,3
9680,4
9681,3
9682,4
9683,3
9684,2
9685,2
9686,4
9687,1
9688,0
9689,3
9690,3
9691,3
9692,3
9693,2
9694,3
9695,4
9696,1
9697,1
9698,2
9699,2
9700,5
9701,5
9702,3
9703,1
9704,4
9705,2
9706,4
9707,2
9708,2
9709,1
9710,0
9711,5
9712,1
9713,4
9714,5
9715,4
9716,1
9717,5
9718,2
9719,1
9720,3
9721,2
9722,0
9723,0
9724,4
9725,5
9726,4
9727,3
9728,5
9729,1
9730,5
9731,4
9732,1
9733,3
9734,5
9735,5
9736,3
9737,2
9738,3
9739,5
9740,1
9741,4
9742,4
9743,4
9744,4
9745,0
9746,0
9747,5
9748,3
9749,2
9750,5
9751,4
9752,4
9753,3
9754,4
9755,1
9756,5
9757,4
9758,3
9759,2
9760,2
9761,4
9762,2
9763,5
9764,5
9765,4
9766,4
9767,4
9768,5
9769,0
9770,0
9771,4
9772,3
9773,0
9774,1
9775,0
9776,2
9777,3
9778,3
9779,1
9780,4
9781,1
9782,2
9783,2
9784,2
9785,1
9786,5
9787,2
9788,3
9789,2
9790,4
9791,3
9792,4
9793,1
9794,3
9795,2
9796,2
9797,3
9798,1
9799,4
9800,4
9801,2
9802,3
9803,3
9804,1
9805,3
9806,3
9807,2
9808,5
9809,3
9810,4
9811,4
9812,5
9813,3
9814,0
9815,4
9816,0
9817,3
9818,3
9819,3
9820,3
9821,4
9822,4
9823,3
9824,5
9825,1
9826,4
9827,4
9828,2
9829,1
9830,5
9831,3
9832,4
9833,0
9834,0
9835,3
9836,0
9837,4
9838,1
9839,2
9840,5
9841,3
9842,4
9843,5
9844,2
9845,2
9846,5
9847,2
9848,3
9849,4
9850,3
9851,3
9852,5
9853,2
9854,0
9855,3
9856,4
9857,4
9858,5
9859,2
9860,2
9861,2
9862,0
9863,1
9864,4
9865,4
9866,3
9867,5
9868,4
9869,0
9870,1
9871,1
9872,5
9873,3
9874,0
9875,4
9876,3
9877,5
9878,1
9879,0
9880,3
9881,5
9882,4
9883,3
9884,4
9885,2
9886,1
9887,3
9888,2
9889,4
9890,3
9891,0
9892,3
9893,3
9894,3
9895,2
9896,1
9897,4
9898,1
9899,4
9900,4
9901,1
9902,3
9903,4
9904,2
9905,2
9906,2
9907,3
9908,4
9909,2
9910,5
9911,1
9912,4
9913,1
9914,0
9915,4
9916,4
9917,4
9918,4
9919,2
9920,4
9921,4
9922,4
9923,4
9924,4
9925,2
9926,5
9927,4
9928,4
9929,3
9930,4
9931,2
9932,5
9933,4
9934,5
9935,0
9936,2
9937,2
9938,2
9939,4
9940,2
9941,4
9942,2
9943,4
9944,2
9945,1
9946,2
9947,1
9948,3
9949,1
9950,4
9951,5
9952,3
9953,5
9954,3
9955,4
9956,4
9957,2
9958,5
9959,0
9960,2
9961,4
9962,5
9963,4
9964,3
9965,2
9966,5
9967,4
9968,5
9969,1
9970,4
9971,5
9972,0
9973,4
9974,4
9975,1
9976,3
9977,3
9978,3
9979,4
9980,3
9981,4
9982,5
9983,1
9984,5
9985,4
9986,5
9987,1
9988,4
9989,5
9990,0
9991,5
9992,3
9993,5
9994,4
9995,3
9996,5
9997,1
9998,2
9999,1
10000,5
10001,5
10002,0
10003,3
10004,4
10005,4
10006,0
10007,3
10008,4
10009,2
10010,3
10011,3
10012,5
10013,4
10014,4
10015,1
10016,5
10017,0
10018,1
10019,2
10020,3
10021,5
10022,4
10023,4
10024,4
10025,4
10026,2
10027,2
10028,5
10029,1
10030,4
10031,4
10032,2
10033,5
10034,3
10035,4
10036,3
10037,3
10038,0
10039,0
10040,4
10041,5
10042,3
10043,3
10044,5
10045,2
10046,4
10047,0
10048,2
10049,1
10050,5
10051,4
10052,3
10053,5
10054,2
10055,0
10056,3
10057,5
10058,3
10059,0
10060,3
10061,2
10062,3
10063,2
10064,3
10065,4
10066,5
10067,0
10068,3
10069,5
10070,1
10071,1
10072,2
10073,0
10074,5
10075,5
10076,1
10077,2
10078,0
10079,5
10080,4
10081,2
10082,0
10083,4
10084,3
10085,3
10086,3
10087,1
10088,3
10089,4
10090,3
10091,1
10092,5
10093,1
10094,5
10095,3
10096,3
10097,3
10098,0
10099,1
10100,3
10101,5
10102,2
10103,2
10104,5
10105,1
10106,4
10107,0
10108,4
10109,5
10110,3
10111,3
10112,4
10113,1
10114,3
10115,3
10116,5
10117,2
10118,4
10119,4
10120,4
10121,1
10122,0
10123,1
10124,4
10125,1
10126,1
10127,0
10128,1
10129,5
10130,4
10131,1
10132,5
10133,4
10134,4
10135,2
10136,2
10137,3
10138,4
10139,1
10140,2
10141,1
10142,1
10143,3
10144,1
10145,2
10146,5
10147,1
10148,1
10149,4
10150,3
10151,1
10152,5
10153,4
10154,5
10155,2
10156,2
10157,4
10158,4
10159,2
10160,1
10161,1
10162,4
10163,3
10164,5
10165,4
10166,3
10167,2
10168,4
10169,2
10170,4
10171,4
10172,1
10173,4
10174,0
10175,3
10176,3
10177,5
10178,2
10179,4
10180,2
10181,0
10182,1
10183,1
10184,2
10185,2
10186,4
10187,4
10188,4
10189,0
10190,2
10191,5
10192,0
10193,5
10194,0
10195,1
10196,4
10197,5
10198,2
10199,2
10200,5
10201,2
10202,5
10203,3
10204,4
10205,3
10206,3
10207,4
10208,4
10209,4
10210,5
10211,2
10212,5
10213,3
10214,2
10215,2
10216,2
10217,2
10218,4
10219,3
10220,0
10221,4
10222,3
10223,2
10224,2
10225,1
10226,2
10227,3
10228,4
10229,0
10230,1
10231,5
10232,0
10233,5
10234,0
10235,0
10236,3
10237,1
10238,2
10239,0
10240,4
10241,3
10242,3
10243,3
10244,2
10245,5
10246,3
10247,4
10248,3
10249,2
10250,2
10251,4
10252,5
10253,1
10254,3
10255,4
10256,3
10257,3
10258,1
10259,3
10260,5
10261,0
10262,5
10263,5
10264,4
10265,4
10266,1
10267,2
10268,2
10269,5
10270,1
10271,4
10272,5
10273,3
10274,5
10275,1
10276,4
10277,4
10278,5
10279,4
10280,1
10281,1
10282,3
10283,4
10284,4
10285,5
10286,5
10287,2
10288,4
10289,3
10290,3
10291,4
10292,4
10293,1
10294,5
10295,3
10296,1
10297,3
10298,4
10299,5
10300,4
10301,4
10302,3
10303,0
10304,0
10305,4
10306,4
10307,0
10308,0
10309,5
10310,0
10311,5
10312,1
10313,4
10314,5
10315,5
10316,5
10317,2
10318,3
10319,4
10320,3
10321,4
10322,2
10323,3
10324,4
10325,0
10326,5
10327,4
10328,4
10329,4
10330,3
10331,1
10332,2
10333,4
10334,5
10335,1
10336,5
10337,3
10338,1
10339,1
10340,1
10341,0
10342,5
10343,1
10344,5
10345,3
10346,5
10347,1
10348,4
10349,3
10350,2
10351,2
10352,4
10353,3
10354,2
10355,5
10356,1
10357,3
10358,4
10359,1
10360,5
10361,2
10362,5
10363,5
10364,3
10365,1
10366,4
10367,3
10368,3
10369,5
10370,3
10371,4
10372,3
10373,1
10374,2
10375,4
10376,4
10377,3
10378,4
10379,2
10380,1
10381,2
10382,4
10383,1
10384,5
10385,4
10386,3
10387,2
10388,2
10389,5
10390,3
10391,2
10392,4
10393,5
10394,0
10395,3
10396,0
10397,2
10398,1
10399,2
10400,0
10401,4
10402,0
10403,1
10404,3
10405,1
10406,2
10407,0
10408,5
10409,3
10410,3
10411,0
10412,1
10413,4
10414,2
10415,1
10416,2
10417,4
10418,3
10419,3
10420,1
10421,4
10422,2
10423,1
10424,2
10425,2
10426,2
10427,2
10428,5
10429,0
10430,5
10431,3
10432,4
10433,1
10434,1
10435,3
10436,2
10437,5
10438,2
10439,3
10440,4
10441,1
10442,3
10443,2
10444,3
10445,3
10446,5
10447,4
10448,5
10449,5
10450,1
10451,3
10452,4
10453,5
10454,5
10455,4
10456,4
10457,0
10458,4
10459,4
10460,5
10461,2
10462,4
10463,3
10464,4
10465,2
10466,2
10467,4
10468,0
10469,5
10470,4
10471,3
10472,5
10473,1
10474,2
10475,4
10476,5
10477,2
10478,2
10479,5
10480,1
10481,0
10482,2
10483,1
10484,4
10485,3
10486,5
10487,3
10488,4
10489,2
10490,1
10491,4
10492,4
10493,4
10494,0
10495,4
10496,5
10497,3
10498,3
10499,5
10500,5
10501,2
10502,4
10503,3
10504,0
10505,1
10506,5
10507,2
10508,3
10509,3
10510,1
10511,2
10512,2
10513,2
10514,3
10515,0
10516,0
10517,3
10518,3
10519,5
10520,3
10521,1
10522,3
10523,2
10524,3
10525,3
10526,5
10527,4
10528,4
10529,3
10530,0
10531,0
10532,3
10533,2
10534,4
10535,3
10536,1
10537,1
10538,0
10539,1
10540,4
10541,4
10542,4
10543,4
10544,2
10545,1
10546,5
10547,1
10548,1
10549,1
10550,4
10551,4
10552,2
10553,1
10554,4
10555,5
10556,0
10557,0
10558,3
10559,3
10560,5
10561,4
10562,2
10563,3
10564,5
10565,0
10566,5
10567,2
10568,5
10569,4
10570,1
10571,2
10572,1
10573,2
10574,5
10575,5
10576,5
10577,3
10578,4
10579,5
10580,2
10581,2
10582,4
10583,0
10584,3
10585,3
10586,1
10587,4
10588,1
10589,1
10590,2
10591,0
10592,2
10593,5
10594,4
10595,4
10596,3
10597,2
10598,2
10599,0
10600,1
10601,4
10602,2
10603,1
10604,2
10605,5
10606,0
10607,0
10608,1
10609,5
10610,4
10611,3
10612,1
10613,2
10614,1
10615,4
10616,1
10617,3
10618,5
10619,1
10620,4
10621,4
10622,2
10623,5
10624,4
10625,5
10626,0
10627,4
10628,2
10629,4
10630,3
10631,3
10632,2
10633,3
10634,5
10635,4
10636,4
10637,1
10638,4
10639,5
10640,1
10641,2
10642,4
10643,3
10644,0
10645,3
10646,5
10647,4
10648,3
10649,3
10650,5
10651,2
10652,2
10653,3
10654,4
10655,2
10656,3
10657,1
10658,3
10659,1
10660,4
10661,3
10662,1
10663,2
10664,2
10665,5
10666,5
10667,1
10668,3
10669,2
10670,5
10671,1
10672,0
10673,3
10674,3
10675,5
10676,3
10677,3
10678,2
10679,2
10680,3
10681,4
10682,3
10683,1
10684,4
10685,5
10686,4
10687,4
10688,0
10689,1
10690,2
10691,4
10692,1
10693,4
10694,0
10695,3
10696,2
10697,5
10698,5
10699,1
10700,1
10701,3
10702,4
10703,0
10704,3
10705,1
10706,3
10707,2
10708,0
10709,4
10710,4
10711,5
10712,0
10713,2
10714,4
10715,5
10716,2
10717,0
10718,4
10719,2
10720,4
10721,3
10722,4
10723,5
10724,4
10725,2
10726,5
10727,2
10728,3
10729,5
10730,4
10731,3
10732,3
10733,1
10734,4
10735,1
10736,5
10737,0
10738,3
10739,5
10740,3
10741,3
10742,3
10743,2
10744,3
10745,1
10746,3
10747,2
10748,4
10749,0
10750,4
10751,0
10752,1
10753,3
10754,5
10755,4
10756,2
10757,3
10758,3
10759,4
10760,0
10761,4
10762,1
10763,4
10764,4
10765,5
10766,2
10767,2
10768,2
10769,5
10770,5
10771,1
10772,1
10773,3
10774,0
10775,5
10776,4
10777,3
10778,2
10779,4
10780,2
10781,0
10782,4
10783,2
10784,5
10785,3
10786,4
10787,3
10788,4
10789,2
10790,4
10791,3
10792,4
10793,4
10794,1
10795,2
10796,2
10797,1
10798,0
10799,4
10800,4
10801,4
10802,3
10803,1
10804,4
10805,5
10806,5
10807,2
10808,5
10809,4
10810,5
10811,1
10812,5
10813,1
10814,3
10815,2
10816,1
10817,5
10818,5
10819,4
10820,3
10821,3
10822,3
10823,1
10824,3
10825,3
10826,5
10827,5
10828,4
10829,4
10830,3
10831,1
10832,3
10833,1
10834,3
10835,1
10836,0
10837,3
10838,1
10839,3
10840,3
10841,3
10842,4
10843,3
10844,2
10845,0
10846,3
10847,4
10848,3
10849,5
10850,3
10851,1
10852,3
10853,1
10854,4
10855,2
10856,3
10857,3
10858,4
10859,1
10860,5
10861,4
10862,4
10863,2
10864,0
10865,5
10866,3
10867,2
10868,4
10869,4
10870,3
10871,1
10872,2
10873,2
10874,4
10875,3
10876,5
10877,2
10878,4
10879,4
10880,4
10881,1
10882,2
10883,5
10884,3
10885,5
10886,1
10887,4
10888,1
10889,3
10890,4
10891,4
10892,0
10893,3
10894,3
10895,3
10896,0
10897,5
10898,4
10899,4
10900,3
10901,0
10902,5
10903,1
10904,5
10905,4
10906,4
10907,4
10908,4
10909,5
10910,4
10911,3
10912,0
10913,2
10914,3
10915,3
10916,3
10917,1
10918,2
10919,3
10920,2
10921,0
10922,1
10923,3
10924,2
10925,2
10926,4
10927,2
10928,2
10929,3
10930,4
10931,4
10932,2
10933,3
10934,5
10935,3
10936,5
10937,1
10938,1
10939,0
10940,4
10941,4
10942,5
10943,4
10944,4
10945,4
10946,4
10947,3
10948,3
10949,5
10950,2
10951,5
10952,3
10953,4
10954,2
10955,5
10956,1
10957,4
10958,3
10959,3
10960,1
10961,1
10962,4
10963,2
10964,2
10965,4
10966,3
10967,4
10968,3
10969,2
10970,4
10971,2
10972,2
10973,4
10974,4
10975,4
10976,4
10977,4
10978,4
10979,1
10980,2
10981,5
10982,1
10983,0
10984,4
10985,3
10986,3
10987,2
10988,4
10989,0
10990,4
10991,2
10992,5
10993,5
10994,1
10995,2
10996,4
10997,5
10998,4
10999,0
11000,1
11001,3
11002,5
11003,5
11004,4
11005,1
11006,2
11007,2
11008,4
11009,4
11010,1
11011,4
11012,3
11013,5
11014,4
11015,0
11016,5
11017,5
11018,3
11019,2
11020,1
11021,3
11022,2
11023,3
11024,4
11025,5
11026,4
11027,3
11028,5
11029,2
11030,5
11031,3
11032,4
11033,3
11034,5
11035,1
11036,3
11037,2
11038,3
11039,5
11040,1
11041,5
11042,3
11043,4
11044,1
11045,3
11046,5
11047,2
11048,1
11049,2
11050,4
11051,3
11052,4
11053,1
11054,5
11055,4
11056,2
11057,3
11058,3
11059,5
11060,3
11061,1
11062,0
11063,3
11064,0
11065,5
11066,4
11067,2
11068,4
11069,4
11070,5
11071,4
11072,5
11073,4
11074,3
11075,0
11076,5
11077,3
11078,3
11079,5
11080,1
11081,0
11082,3
11083,0
11084,4
11085,4
11086,1
11087,4
11088,0
11089,1
11090,3
11091,1
11092,3
11093,5
11094,1
11095,3
11096,5
11097,1
11098,0
11099,0
11100,4
11101,3
11102,4
11103,4
11104,1
11105,3
11106,2
11107,3
11108,4
11109,5
11110,3
11111,0
11112,2
11113,1
11114,3
11115,3
11116,3
11117,1
11118,4
11119,5
11120,0
11121,3
11122,0
11123,1
11124,2
11125,2
11126,5
11127,5
11128,2
11129,1
11130,1
11131,4
11132,5
11133,0
11134,2
11135,1
11136,4
11137,3
11138,4
11139,5
11140,4
11141,4
11142,2
11143,3
11144,2
11145,4
11146,3
11147,4
11148,3
11149,2
11150,4
11151,5
11152,4
11153,1
11154,5
11155,2
11156,2
11157,4
11158,0
11159,4
11160,1
11161,3
11162,2
11163,0
11164,4
11165,0
11166,3
11167,5
11168,3
11169,1
11170,5
11171,2
11172,5
11173,5
11174,1
11175,5
11176,4
11177,4
11178,4
11179,5
11180,1
11181,2
11182,4
11183,1
11184,4
11185,1
11186,3
11187,5
11188,2
11189,3
11190,4
11191,4
11192,5
11193,4
11194,1
11195,0
11196,2
11197,2
11198,3
11199,5
11200,4
11201,3
11202,5
11203,4
11204,4
11205,2
11206,1
11207,2
11208,3
11209,3
11210,4
11211,5
11212,3
11213,2
11214,5
11215,0
11216,1
11217,5
11218,4
11219,4
11220,3
11221,4
11222,0
11223,5
11224,0
11225,4
11226,3
11227,0
11228,0
11229,5
11230,3
11231,0
11232,0
11233,3
11234,2
11235,5
11236,0
11237,4
11238,4
11239,5
11240,3
11241,4
11242,2
11243,2
11244,5
11245,3
11246,4
11247,0
11248,5
11249,4
11250,1
11251,3
11252,0
11253,3
11254,2
11255,3
11256,2
11257,3
11258,0
11259,5
11260,3
11261,5
11262,2
11263,4
11264,3
11265,3
11266,3
11267,3
11268,3
11269,3
11270,3
11271,5
11272,5
11273,5
11274,5
11275,5
11276,4
11277,5
11278,4
11279,2
11280,3
11281,4
11282,1
11283,4
11284,5
11285,4
11286,2
11287,5
11288,5
11289,4
11290,3
11291,4
11292,5
11293,3
11294,5
11295,2
11296,4
11297,4
11298,4
11299,1
11300,3
11301,1
11302,2
11303,4
11304,3
11305,5
11306,0
11307,0
11308,3
11309,4
11310,3
11311,4
11312,1
11313,3
11314,3
11315,5
11316,3
11317,4
11318,3
11319,4
11320,1
11321,2
11322,1
11323,2
11324,4
11325,4
11326,1
11327,1
11328,4
11329,3
11330,3
11331,3
11332,5
11333,4
11334,3
11335,3
11336,1
11337,5
11338,3
11339,3
11340,5
11341,4
11342,5
11343,1
11344,3
11345,4
11346,2
11347,0
11348,0
11349,3
11350,4
11351,2
11352,0
11353,5
11354,1
11355,2
11356,5
11357,4
11358,0
11359,2
11360,4
11361,1
11362,2
11363,1
11364,0
11365,4
11366,1
11367,4
11368,1
11369,3
11370,4
11371,1
11372,3
11373,4
11374,0
11375,3
11376,4
11377,2
11378,5
11379,1
11380,4
11381,5
11382,0
11383,3
11384,3
11385,0
11386,5
11387,3
11388,0
11389,1
11390,0
11391,1
11392,3
11393,2
11394,4
11395,4
11396,4
11397,3
11398,1
11399,3
11400,5
11401,4
11402,1
11403,5
11404,2
11405,4
11406,3
11407,5
11408,2
11409,3
11410,2
11411,1
11412,5
11413,3
11414,3
11415,4
11416,4
11417,4
11418,1
11419,4
11420,3
11421,0
11422,1
11423,2
11424,1
11425,3
11426,3
11427,1
11428,4
11429,3
11430,0
11431,4
11432,5
11433,1
11434,2
11435,1
11436,3
11437,0
11438,3
11439,1
11440,2
11441,1
11442,1
11443,3
11444,0
11445,0
11446,4
11447,4
11448,4
11449,1
11450,2
11451,2
11452,3
11453,0
11454,0
11455,2
11456,4
11457,0
11458,5
11459,3
11460,3
11461,5
11462,1
11463,5
11464,1
11465,2
11466,3
11467,2
11468,5
11469,1
11470,4
11471,4
11472,4
11473,4
11474,5
11475,0
11476,0
11477,0
11478,3
11479,3
11480,4
11481,3
11482,1
11483,3
11484,5
11485,5
11486,1
11487,4
11488,0
11489,3
11490,1
11491,2
11492,0
11493,1
11494,2
11495,4
11496,1
11497,4
11498,1
11499,4
11500,3
11501,5
11502,3
11503,0
11504,3
11505,4
11506,5
11507,2
11508,4
11509,3
11510,3
11511,4
11512,5
11513,0
11514,4
11515,4
11516,1
11517,1
11518,5
11519,2
11520,3
11521,1
11522,3
11523,4
11524,5
11525,3
11526,4
11527,1
11528,1
11529,3
11530,4
11531,3
11532,1
11533,2
11534,3
11535,4
11536,4
11537,3
11538,2
11539,4
11540,0
11541,1
11542,2
11543,3
11544,4
11545,3
11546,2
11547,2
11548,3
11549,1
11550,5
11551,5
11552,4
11553,4
11554,5
11555,0
11556,5
11557,4
11558,4
11559,2
11560,5
11561,3
11562,0
11563,4
11564,5
11565,2
11566,2
11567,2
11568,4
11569,3
11570,1
11571,4
11572,2
11573,3
11574,3
11575,4
11576,3
11577,5
11578,1
11579,1
11580,3
11581,1
11582,4
11583,2
11584,1
11585,2
11586,4
11587,5
11588,4
11589,1
11590,1
11591,5
11592,1
11593,5
11594,1
11595,2
11596,0
11597,2
11598,3
11599,3
11600,0
11601,3
11602,5
11603,5
11604,3
11605,4
11606,1
11607,2
11608,5
11609,5
11610,4
11611,3
11612,1
11613,3
11614,4
11615,3
11616,4
11617,1
11618,2
11619,3
11620,3
11621,1
11622,2
11623,4
11624,3
11625,4
11626,2
11627,5
11628,5
11629,2
11630,3
11631,4
11632,0
11633,0
11634,2
11635,4
11636,1
11637,1
11638,4
11639,0
